-- --------------------------------------------------------
-- Host:                         127.0.0.1
-- Server version:               5.7.24 - MySQL Community Server (GPL)
-- Server OS:                    Win32
-- HeidiSQL Version:             11.3.0.6295
-- --------------------------------------------------------

/*!40101 SET @OLD_CHARACTER_SET_CLIENT=@@CHARACTER_SET_CLIENT */;
/*!40101 SET NAMES utf8 */;
/*!50503 SET NAMES utf8mb4 */;
/*!40014 SET @OLD_FOREIGN_KEY_CHECKS=@@FOREIGN_KEY_CHECKS, FOREIGN_KEY_CHECKS=0 */;
/*!40101 SET @OLD_SQL_MODE=@@SQL_MODE, SQL_MODE='NO_AUTO_VALUE_ON_ZERO' */;
/*!40111 SET @OLD_SQL_NOTES=@@SQL_NOTES, SQL_NOTES=0 */;

-- Dumping structure for table db_fm.fuzzy_himpunan
CREATE TABLE IF NOT EXISTS `fuzzy_himpunan` (
  `id` int(11) NOT NULL AUTO_INCREMENT,
  `variable_id` int(11) DEFAULT NULL,
  `nilai` enum('Rendah','Sedang','Tinggi') COLLATE utf8mb4_unicode_ci DEFAULT NULL,
  `min` double DEFAULT '0',
  `max` double DEFAULT '0',
  PRIMARY KEY (`id`)
) ENGINE=InnoDB AUTO_INCREMENT=13 DEFAULT CHARSET=utf8mb4 COLLATE=utf8mb4_unicode_ci;

-- Dumping data for table db_fm.fuzzy_himpunan: ~12 rows (approximately)
DELETE FROM `fuzzy_himpunan`;
/*!40000 ALTER TABLE `fuzzy_himpunan` DISABLE KEYS */;
INSERT INTO `fuzzy_himpunan` (`id`, `variable_id`, `nilai`, `min`, `max`) VALUES
	(1, 1, 'Rendah', 0, 4),
	(2, 1, 'Sedang', 1, 8),
	(3, 1, 'Tinggi', 4, 0),
	(4, 2, 'Rendah', 0, 23269),
	(5, 2, 'Sedang', 2760, 43778),
	(6, 2, 'Tinggi', 23269, 0),
	(7, 3, 'Rendah', 0, 500),
	(8, 3, 'Sedang', 500, 1000),
	(9, 3, 'Tinggi', 1000, 0),
	(10, 4, 'Rendah', 0, 500),
	(11, 4, 'Sedang', 500, 1000),
	(12, 4, 'Tinggi', 1000, 0);
/*!40000 ALTER TABLE `fuzzy_himpunan` ENABLE KEYS */;

-- Dumping structure for table db_fm.fuzzy_results
CREATE TABLE IF NOT EXISTS `fuzzy_results` (
  `id` int(11) NOT NULL AUTO_INCREMENT,
  `tahun` varchar(4) COLLATE utf8mb4_unicode_ci DEFAULT NULL,
  `id_kelurahan` int(11) DEFAULT NULL,
  PRIMARY KEY (`id`)
) ENGINE=InnoDB AUTO_INCREMENT=47 DEFAULT CHARSET=utf8mb4 COLLATE=utf8mb4_unicode_ci;

-- Dumping data for table db_fm.fuzzy_results: ~46 rows (approximately)
DELETE FROM `fuzzy_results`;
/*!40000 ALTER TABLE `fuzzy_results` DISABLE KEYS */;
INSERT INTO `fuzzy_results` (`id`, `tahun`, `id_kelurahan`) VALUES
	(1, '2020', 1),
	(2, '2020', 2),
	(3, '2020', 3),
	(4, '2020', 4),
	(5, '2020', 5),
	(6, '2020', 6),
	(7, '2020', 7),
	(8, '2020', 8),
	(9, '2020', 9),
	(10, '2020', 10),
	(11, '2020', 11),
	(12, '2020', 12),
	(13, '2020', 13),
	(14, '2020', 14),
	(15, '2020', 15),
	(16, '2020', 16),
	(17, '2020', 17),
	(18, '2020', 18),
	(19, '2020', 19),
	(20, '2020', 20),
	(21, '2020', 21),
	(22, '2020', 22),
	(23, '2020', 23),
	(24, '2020', 24),
	(25, '2020', 25),
	(26, '2020', 26),
	(27, '2020', 27),
	(28, '2020', 28),
	(29, '2020', 29),
	(30, '2020', 30),
	(31, '2020', 31),
	(32, '2020', 32),
	(33, '2020', 33),
	(34, '2020', 34),
	(35, '2020', 35),
	(36, '2020', 36),
	(37, '2020', 37),
	(38, '2020', 38),
	(39, '2020', 39),
	(40, '2020', 40),
	(41, '2020', 41),
	(42, '2020', 42),
	(43, '2020', 43),
	(44, '2020', 44),
	(45, '2020', 45),
	(46, '2020', 46);
/*!40000 ALTER TABLE `fuzzy_results` ENABLE KEYS */;

-- Dumping structure for table db_fm.fuzzy_result_details
CREATE TABLE IF NOT EXISTS `fuzzy_result_details` (
  `fuzzy_id` int(11) DEFAULT NULL,
  `id_bencana` int(11) DEFAULT NULL,
  `out` float DEFAULT NULL,
  `status` varchar(15) COLLATE utf8mb4_unicode_ci DEFAULT NULL,
  KEY `fuzzy_id` (`fuzzy_id`),
  KEY `id_bencana` (`id_bencana`)
) ENGINE=InnoDB DEFAULT CHARSET=utf8mb4 COLLATE=utf8mb4_unicode_ci;

-- Dumping data for table db_fm.fuzzy_result_details: ~230 rows (approximately)
DELETE FROM `fuzzy_result_details`;
/*!40000 ALTER TABLE `fuzzy_result_details` DISABLE KEYS */;
INSERT INTO `fuzzy_result_details` (`fuzzy_id`, `id_bencana`, `out`, `status`) VALUES
	(1, 1, 1.25, 'Sedang'),
	(1, 2, 1.38, 'Sedang'),
	(1, 3, 1, 'Rendah'),
	(1, 4, 1, 'Rendah'),
	(1, 5, 1, 'Rendah'),
	(2, 1, 1.1, 'Sedang'),
	(2, 2, 1.1, 'Sedang'),
	(2, 3, 1, 'Rendah'),
	(2, 4, 1, 'Rendah'),
	(2, 5, 0, 'Rendah'),
	(3, 1, 1.04, 'Sedang'),
	(3, 2, 1.03, 'Sedang'),
	(3, 3, 1, 'Rendah'),
	(3, 4, 1, 'Rendah'),
	(3, 5, 0, 'Rendah'),
	(4, 1, 1.1, 'Sedang'),
	(4, 2, 1.12, 'Sedang'),
	(4, 3, 1, 'Rendah'),
	(4, 4, 1, 'Rendah'),
	(4, 5, 0, 'Rendah'),
	(5, 1, 1.36, 'Sedang'),
	(5, 2, 1.35, 'Sedang'),
	(5, 3, 1, 'Rendah'),
	(5, 4, 1, 'Rendah'),
	(5, 5, 0, 'Rendah'),
	(6, 1, 1.56, 'Sedang'),
	(6, 2, 1.56, 'Sedang'),
	(6, 3, 1, 'Rendah'),
	(6, 4, 1, 'Rendah'),
	(6, 5, 0, 'Rendah'),
	(7, 1, 1.76, 'Sedang'),
	(7, 2, 1.54, 'Sedang'),
	(7, 3, 1, 'Rendah'),
	(7, 4, 1, 'Rendah'),
	(7, 5, 0, 'Rendah'),
	(8, 1, 1.6, 'Sedang'),
	(8, 2, 1.59, 'Sedang'),
	(8, 3, 1, 'Rendah'),
	(8, 4, 1, 'Rendah'),
	(8, 5, 0, 'Rendah'),
	(9, 1, 1.08, 'Sedang'),
	(9, 2, 1.12, 'Sedang'),
	(9, 3, 1, 'Rendah'),
	(9, 4, 1, 'Rendah'),
	(9, 5, 1, 'Rendah'),
	(10, 1, 1.2, 'Sedang'),
	(10, 2, 1.19, 'Sedang'),
	(10, 3, 1, 'Rendah'),
	(10, 4, 1, 'Rendah'),
	(10, 5, 0, 'Rendah'),
	(11, 1, 1.09, 'Sedang'),
	(11, 2, 1.09, 'Sedang'),
	(11, 3, 1, 'Rendah'),
	(11, 4, 1, 'Rendah'),
	(11, 5, 0, 'Rendah'),
	(12, 1, 1.19, 'Sedang'),
	(12, 2, 1.07, 'Sedang'),
	(12, 3, 1, 'Rendah'),
	(12, 4, 1, 'Rendah'),
	(12, 5, 0, 'Rendah'),
	(13, 1, 1.19, 'Sedang'),
	(13, 2, 1.19, 'Sedang'),
	(13, 3, 1, 'Rendah'),
	(13, 4, 1, 'Rendah'),
	(13, 5, 0, 'Rendah'),
	(14, 1, 1.21, 'Sedang'),
	(14, 2, 1.11, 'Sedang'),
	(14, 3, 1, 'Rendah'),
	(14, 4, 1, 'Rendah'),
	(14, 5, 0, 'Rendah'),
	(15, 1, 1.03, 'Sedang'),
	(15, 2, 1.02, 'Sedang'),
	(15, 3, 1, 'Rendah'),
	(15, 4, 1, 'Rendah'),
	(15, 5, 0, 'Rendah'),
	(16, 1, 1.33, 'Sedang'),
	(16, 2, 1.32, 'Sedang'),
	(16, 3, 1, 'Rendah'),
	(16, 4, 1, 'Rendah'),
	(16, 5, 0, 'Rendah'),
	(17, 1, 1.35, 'Sedang'),
	(17, 2, 1.35, 'Sedang'),
	(17, 3, 1, 'Rendah'),
	(17, 4, 1, 'Rendah'),
	(17, 5, 0, 'Rendah'),
	(18, 1, 1.23, 'Sedang'),
	(18, 2, 1.23, 'Sedang'),
	(18, 3, 1, 'Rendah'),
	(18, 4, 1, 'Rendah'),
	(18, 5, 0, 'Rendah'),
	(19, 1, 1.05, 'Sedang'),
	(19, 2, 1.04, 'Sedang'),
	(19, 3, 1, 'Rendah'),
	(19, 4, 1, 'Rendah'),
	(19, 5, 0, 'Rendah'),
	(20, 1, 1.22, 'Sedang'),
	(20, 2, 1.13, 'Sedang'),
	(20, 3, 1, 'Rendah'),
	(20, 4, 1, 'Rendah'),
	(20, 5, 0, 'Rendah'),
	(21, 1, 1, 'Rendah'),
	(21, 2, 1, 'Rendah'),
	(21, 3, 1, 'Rendah'),
	(21, 4, 1, 'Rendah'),
	(21, 5, 0, 'Rendah'),
	(22, 1, 1.08, 'Sedang'),
	(22, 2, 1.08, 'Sedang'),
	(22, 3, 1, 'Rendah'),
	(22, 4, 1, 'Rendah'),
	(22, 5, 0, 'Rendah'),
	(23, 1, 1, 'Rendah'),
	(23, 2, 1, 'Rendah'),
	(23, 3, 1, 'Rendah'),
	(23, 4, 1, 'Rendah'),
	(23, 5, 0, 'Rendah'),
	(24, 1, 1, 'Rendah'),
	(24, 2, 1, 'Rendah'),
	(24, 3, 1, 'Rendah'),
	(24, 4, 1, 'Rendah'),
	(24, 5, 0, 'Rendah'),
	(25, 1, 1, 'Rendah'),
	(25, 2, 1, 'Rendah'),
	(25, 3, 1, 'Rendah'),
	(25, 4, 1, 'Rendah'),
	(25, 5, 0, 'Rendah'),
	(26, 1, 1.32, 'Sedang'),
	(26, 2, 1.29, 'Sedang'),
	(26, 3, 1, 'Rendah'),
	(26, 4, 1, 'Rendah'),
	(26, 5, 0, 'Rendah'),
	(27, 1, 1.3, 'Sedang'),
	(27, 2, 1.29, 'Sedang'),
	(27, 3, 1, 'Rendah'),
	(27, 4, 1, 'Rendah'),
	(27, 5, 0, 'Rendah'),
	(28, 1, 1.19, 'Sedang'),
	(28, 2, 1.19, 'Sedang'),
	(28, 3, 1, 'Rendah'),
	(28, 4, 1, 'Rendah'),
	(28, 5, 0, 'Rendah'),
	(29, 1, 1.18, 'Sedang'),
	(29, 2, 1.19, 'Sedang'),
	(29, 3, 1, 'Rendah'),
	(29, 4, 1, 'Rendah'),
	(29, 5, 0, 'Rendah'),
	(30, 1, 1, 'Rendah'),
	(30, 2, 1, 'Rendah'),
	(30, 3, 1, 'Rendah'),
	(30, 4, 1, 'Rendah'),
	(30, 5, 0, 'Rendah'),
	(31, 1, 1.21, 'Sedang'),
	(31, 2, 1.2, 'Sedang'),
	(31, 3, 1, 'Rendah'),
	(31, 4, 1, 'Rendah'),
	(31, 5, 0, 'Rendah'),
	(32, 1, 1.13, 'Sedang'),
	(32, 2, 1.15, 'Sedang'),
	(32, 3, 1, 'Rendah'),
	(32, 4, 1, 'Rendah'),
	(32, 5, 0, 'Rendah'),
	(33, 1, 1.14, 'Sedang'),
	(33, 2, 1.13, 'Sedang'),
	(33, 3, 1, 'Rendah'),
	(33, 4, 1, 'Rendah'),
	(33, 5, 0, 'Rendah'),
	(34, 1, 1.12, 'Sedang'),
	(34, 2, 1.12, 'Sedang'),
	(34, 3, 1, 'Rendah'),
	(34, 4, 1, 'Rendah'),
	(34, 5, 0, 'Rendah'),
	(35, 1, 1.29, 'Sedang'),
	(35, 2, 1.29, 'Sedang'),
	(35, 3, 1, 'Rendah'),
	(35, 4, 1, 'Rendah'),
	(35, 5, 0, 'Rendah'),
	(36, 1, 1.04, 'Sedang'),
	(36, 2, 1.06, 'Sedang'),
	(36, 3, 1, 'Rendah'),
	(36, 4, 1, 'Rendah'),
	(36, 5, 0, 'Rendah'),
	(37, 1, 1, 'Rendah'),
	(37, 2, 1, 'Rendah'),
	(37, 3, 1, 'Rendah'),
	(37, 4, 1, 'Rendah'),
	(37, 5, 0, 'Rendah'),
	(38, 1, 1.06, 'Sedang'),
	(38, 2, 1.06, 'Sedang'),
	(38, 3, 1, 'Rendah'),
	(38, 4, 1, 'Rendah'),
	(38, 5, 0, 'Rendah'),
	(39, 1, 1.02, 'Sedang'),
	(39, 2, 1.01, 'Sedang'),
	(39, 3, 1, 'Rendah'),
	(39, 4, 1, 'Rendah'),
	(39, 5, 0, 'Rendah'),
	(40, 1, 1.08, 'Sedang'),
	(40, 2, 1.08, 'Sedang'),
	(40, 3, 1, 'Rendah'),
	(40, 4, 1, 'Rendah'),
	(40, 5, 0, 'Rendah'),
	(41, 1, 1.22, 'Sedang'),
	(41, 2, 1.15, 'Sedang'),
	(41, 3, 1, 'Rendah'),
	(41, 4, 1, 'Rendah'),
	(41, 5, 0, 'Rendah'),
	(42, 1, 1.12, 'Sedang'),
	(42, 2, 1.11, 'Sedang'),
	(42, 3, 1, 'Rendah'),
	(42, 4, 1, 'Rendah'),
	(42, 5, 0, 'Rendah'),
	(43, 1, 1.15, 'Sedang'),
	(43, 2, 1.15, 'Sedang'),
	(43, 3, 1, 'Rendah'),
	(43, 4, 1, 'Rendah'),
	(43, 5, 0, 'Rendah'),
	(44, 1, 1.24, 'Sedang'),
	(44, 2, 1.24, 'Sedang'),
	(44, 3, 1, 'Rendah'),
	(44, 4, 1, 'Rendah'),
	(44, 5, 0, 'Rendah'),
	(45, 1, 1.15, 'Sedang'),
	(45, 2, 1.22, 'Sedang'),
	(45, 3, 1, 'Rendah'),
	(45, 4, 1, 'Rendah'),
	(45, 5, 0, 'Rendah'),
	(46, 1, 1.06, 'Sedang'),
	(46, 2, 1.06, 'Sedang'),
	(46, 3, 1, 'Rendah'),
	(46, 4, 1, 'Rendah'),
	(46, 5, 0, 'Rendah');
/*!40000 ALTER TABLE `fuzzy_result_details` ENABLE KEYS */;

-- Dumping structure for table db_fm.fuzzy_rules
CREATE TABLE IF NOT EXISTS `fuzzy_rules` (
  `id` int(11) NOT NULL AUTO_INCREMENT,
  `kelurahan_id` int(11) DEFAULT NULL,
  `bencana_id` int(11) DEFAULT NULL,
  `variable_id` int(11) DEFAULT NULL,
  `value` varchar(50) COLLATE utf8mb4_unicode_ci DEFAULT NULL,
  PRIMARY KEY (`id`)
) ENGINE=InnoDB AUTO_INCREMENT=4 DEFAULT CHARSET=utf8mb4 COLLATE=utf8mb4_unicode_ci;

-- Dumping data for table db_fm.fuzzy_rules: ~3 rows (approximately)
DELETE FROM `fuzzy_rules`;
/*!40000 ALTER TABLE `fuzzy_rules` DISABLE KEYS */;
INSERT INTO `fuzzy_rules` (`id`, `kelurahan_id`, `bencana_id`, `variable_id`, `value`) VALUES
	(1, 1, 1, 1, 'Rendah'),
	(2, 1, 1, 2, 'Rendah'),
	(3, 1, 1, 3, 'Tinggi');
/*!40000 ALTER TABLE `fuzzy_rules` ENABLE KEYS */;

-- Dumping structure for table db_fm.fuzzy_variables
CREATE TABLE IF NOT EXISTS `fuzzy_variables` (
  `id` int(11) NOT NULL AUTO_INCREMENT,
  `name` varchar(150) COLLATE utf8mb4_unicode_ci DEFAULT NULL,
  `code` varchar(2) COLLATE utf8mb4_unicode_ci DEFAULT NULL,
  `description` varchar(255) COLLATE utf8mb4_unicode_ci DEFAULT NULL,
  PRIMARY KEY (`id`)
) ENGINE=InnoDB AUTO_INCREMENT=5 DEFAULT CHARSET=utf8mb4 COLLATE=utf8mb4_unicode_ci;

-- Dumping data for table db_fm.fuzzy_variables: ~4 rows (approximately)
DELETE FROM `fuzzy_variables`;
/*!40000 ALTER TABLE `fuzzy_variables` DISABLE KEYS */;
INSERT INTO `fuzzy_variables` (`id`, `name`, `code`, `description`) VALUES
	(1, 'Bencana', 'D', 'Bencana (di setiap kelurahan)'),
	(2, 'Populasi', 'PD', 'Kepadatan penduduk yang terdampak (di setiap kelurahan)'),
	(3, 'Bangunan', 'NB', 'Jumlah bangunan yang terdampak (di setiap kelurahan)'),
	(4, 'Faskes', 'HF', 'Jumlah fasilitas kesehatan yang tersedia (di setiap kelurahan)');
/*!40000 ALTER TABLE `fuzzy_variables` ENABLE KEYS */;

-- Dumping structure for table db_fm.m_bencana
CREATE TABLE IF NOT EXISTS `m_bencana` (
  `id` int(11) NOT NULL AUTO_INCREMENT,
  `nama` varchar(150) COLLATE utf8mb4_unicode_ci DEFAULT NULL,
  PRIMARY KEY (`id`)
) ENGINE=InnoDB AUTO_INCREMENT=6 DEFAULT CHARSET=utf8mb4 COLLATE=utf8mb4_unicode_ci;

-- Dumping data for table db_fm.m_bencana: ~5 rows (approximately)
DELETE FROM `m_bencana`;
/*!40000 ALTER TABLE `m_bencana` DISABLE KEYS */;
INSERT INTO `m_bencana` (`id`, `nama`) VALUES
	(1, 'Banjir'),
	(2, 'Cuaca Ekstrim'),
	(3, 'Gempa Bumi'),
	(4, 'Kekeringan'),
	(5, 'Tanah Longsor');
/*!40000 ALTER TABLE `m_bencana` ENABLE KEYS */;

-- Dumping structure for table db_fm.m_kecamatan
CREATE TABLE IF NOT EXISTS `m_kecamatan` (
  `id_kecamatan` int(11) NOT NULL AUTO_INCREMENT,
  `nama` varchar(150) COLLATE utf8mb4_unicode_ci DEFAULT NULL,
  PRIMARY KEY (`id_kecamatan`)
) ENGINE=InnoDB AUTO_INCREMENT=4 DEFAULT CHARSET=utf8mb4 COLLATE=utf8mb4_unicode_ci;

-- Dumping data for table db_fm.m_kecamatan: ~3 rows (approximately)
DELETE FROM `m_kecamatan`;
/*!40000 ALTER TABLE `m_kecamatan` DISABLE KEYS */;
INSERT INTO `m_kecamatan` (`id_kecamatan`, `nama`) VALUES
	(1, 'Kecamatan Mojoroto'),
	(2, 'Kecamatan Kota'),
	(3, 'Kecamatan Pesantren');
/*!40000 ALTER TABLE `m_kecamatan` ENABLE KEYS */;

-- Dumping structure for table db_fm.m_kelurahan
CREATE TABLE IF NOT EXISTS `m_kelurahan` (
  `id_kelurahan` int(11) NOT NULL AUTO_INCREMENT,
  `id_kecamatan` int(11) DEFAULT NULL,
  `nama` varchar(225) COLLATE utf8mb4_unicode_ci DEFAULT NULL,
  `luas` double DEFAULT NULL COMMENT 'km',
  `lat` double DEFAULT NULL,
  `long` double DEFAULT NULL,
  `coordinate` text COLLATE utf8mb4_unicode_ci,
  PRIMARY KEY (`id_kelurahan`),
  KEY `id_kecamatan` (`id_kecamatan`)
) ENGINE=InnoDB AUTO_INCREMENT=47 DEFAULT CHARSET=utf8mb4 COLLATE=utf8mb4_unicode_ci;

-- Dumping data for table db_fm.m_kelurahan: ~46 rows (approximately)
DELETE FROM `m_kelurahan`;
/*!40000 ALTER TABLE `m_kelurahan` DISABLE KEYS */;
INSERT INTO `m_kelurahan` (`id_kelurahan`, `id_kecamatan`, `nama`, `luas`, `lat`, `long`, `coordinate`) VALUES
	(1, 1, 'Pojok', 5.153, -7.8147029, 111.9634142, '{\r\n	"type": "Feature",\r\n	"properties": {\r\n		"shape": "Polygon",\r\n		"name": "POJOK",\r\n		"display_name": "Kelurahan Pojok, Kec. Mojoroto"\r\n	},\r\n	"geometry": {\r\n		"type": "Polygon",\r\n		"coordinates": [\r\n			[\r\n				[111.987903, -7.815851],\r\n				[111.987817, -7.81415],\r\n				[111.987645, -7.813257],\r\n				[111.984984, -7.813172],\r\n				[111.982881, -7.811769],\r\n				[111.982151, -7.810409],\r\n				[111.980992, -7.809261],\r\n				[111.97979, -7.810154],\r\n				[111.978932, -7.809984],\r\n				[111.97494, -7.80654],\r\n				[111.97369, -7.806667],\r\n				[111.972961, -7.806752],\r\n				[111.971286, -7.806412],\r\n				[111.970256, -7.806199],\r\n				[111.969226, -7.807858],\r\n				[111.968239, -7.808368],\r\n				[111.96815, -7.809176],\r\n				[111.968923, -7.809133],\r\n				[111.970897, -7.809303],\r\n				[111.972743, -7.808836],\r\n				[111.97343, -7.809984],\r\n				[111.971756, -7.810919],\r\n				[111.969695, -7.811132],\r\n				[111.968193, -7.811472],\r\n				[111.967292, -7.813512],\r\n				[111.965875, -7.813725],\r\n				[111.954506, -7.813183],\r\n				[111.954742, -7.814406],\r\n				[111.955024, -7.815214],\r\n				[111.955269, -7.815813],\r\n				[111.955459, -7.816344],\r\n				[111.955482, -7.816379],\r\n				[111.95552, -7.816483],\r\n				[111.955604, -7.81663],\r\n				[111.955642, -7.816725],\r\n				[111.955909, -7.81718],\r\n				[111.956371, -7.817749],\r\n				[111.956421, -7.817909],\r\n				[111.957813, -7.819101],\r\n				[111.95784, -7.819293],\r\n				[111.957336, -7.819976],\r\n				[111.957191, -7.820652],\r\n				[111.957245, -7.820719],\r\n				[111.957641, -7.820771],\r\n				[111.957962, -7.822052],\r\n				[111.958091, -7.82286],\r\n				[111.95916, -7.823157],\r\n				[111.959625, -7.823221],\r\n				[111.960113, -7.823218],\r\n				[111.960823, -7.823194],\r\n				[111.961128, -7.82328],\r\n				[111.961738, -7.8235],\r\n				[111.961959, -7.823495],\r\n				[111.962814, -7.823348],\r\n				[111.963005, -7.823376],\r\n				[111.963821, -7.823921],\r\n				[111.964249, -7.824048],\r\n				[111.964538, -7.824097],\r\n				[111.96508, -7.824135],\r\n				[111.965446, -7.824078],\r\n				[111.965744, -7.824141],\r\n				[111.966346, -7.824132],\r\n				[111.966766, -7.824092],\r\n				[111.968021, -7.824072],\r\n				[111.969284, -7.824084],\r\n				[111.970504, -7.82418],\r\n				[111.972625, -7.824318],\r\n				[111.973565, -7.823036],\r\n				[111.975325, -7.822058],\r\n				[111.978287, -7.821548],\r\n				[111.980176, -7.821463],\r\n				[111.983137, -7.82057],\r\n				[111.98391, -7.819847],\r\n				[111.985713, -7.816276],\r\n				[111.986614, -7.815851],\r\n				[111.987903, -7.815851]\r\n			]\r\n		]\r\n	},\r\n	"id": "8531f617-2af4-4b8c-a745-5c25e070b80c"\r\n}'),
	(2, 1, 'Campurejo', 1.409, -7.8213929, 111.9776156, '{\r\n	"type": "Feature",\r\n	"properties": {\r\n		"shape": "Polygon",\r\n		"name": "CAMPUREJO",\r\n		"display_name": "Kelurahan Campurejo, Kec. Mojoroto"\r\n	},\r\n	"geometry": {\r\n		"type": "Polygon",\r\n		"coordinates": [\r\n			[\r\n				[111.989834, -7.815936],\r\n				[111.987903, -7.815851],\r\n				[111.986614, -7.815851],\r\n				[111.985713, -7.816276],\r\n				[111.98391, -7.819847],\r\n				[111.983137, -7.82057],\r\n				[111.980176, -7.821463],\r\n				[111.978287, -7.821548],\r\n				[111.975325, -7.822058],\r\n				[111.973565, -7.823036],\r\n				[111.972625, -7.824318],\r\n				[111.973884, -7.824346],\r\n				[111.974991, -7.824439],\r\n				[111.976326, -7.824659],\r\n				[111.977096, -7.824848],\r\n				[111.977974, -7.825211],\r\n				[111.981392, -7.827055],\r\n				[111.982071, -7.82735],\r\n				[111.982832, -7.827466],\r\n				[111.985001, -7.82725],\r\n				[111.98528, -7.8258],\r\n				[111.987426, -7.824312],\r\n				[111.98777, -7.823504],\r\n				[111.988972, -7.823079],\r\n				[111.989959, -7.822781],\r\n				[111.99056, -7.821378],\r\n				[111.989015, -7.82023],\r\n				[111.988757, -7.81904],\r\n				[111.98983, -7.817041],\r\n				[111.989834, -7.815936]\r\n			]\r\n		]\r\n	},\r\n	"id": "a88be297-c230-44e2-8831-89ae35bb827f"\r\n}'),
	(3, 1, 'Tamanan', 1.077, -7.8319885, 111.9789158, '{\r\n	"type": "Feature",\r\n	"properties": {\r\n		"shape": "Polygon",\r\n		"name": "TAMANAN",\r\n		"category": "Kelurahan Tamanan, Kec. Mojoroto"\r\n	},\r\n	"geometry": {\r\n		"type": "Polygon",\r\n		"coordinates": [\r\n			[\r\n				[111.987426, -7.824312],\r\n				[111.98528, -7.8258],\r\n				[111.985001, -7.82725],\r\n				[111.986969, -7.8296],\r\n				[111.985588, -7.832022],\r\n				[111.984784, -7.833782],\r\n				[111.984741, -7.834422],\r\n				[111.984657, -7.835234],\r\n				[111.984459, -7.836506],\r\n				[111.984344, -7.837031],\r\n				[111.984222, -7.837785],\r\n				[111.98426, -7.837916],\r\n				[111.984382, -7.83806],\r\n				[111.984474, -7.838124],\r\n				[111.984611, -7.83822],\r\n				[111.984893, -7.838359],\r\n				[111.985641, -7.838641],\r\n				[111.98584, -7.838726],\r\n				[111.98629, -7.838936],\r\n				[111.986549, -7.839102],\r\n				[111.986839, -7.839431],\r\n				[111.987014, -7.839526],\r\n				[111.987159, -7.839501],\r\n				[111.987935, -7.839111],\r\n				[111.98896, -7.839311],\r\n				[111.989742, -7.834473],\r\n				[111.989527, -7.833027],\r\n				[111.9903, -7.830859],\r\n				[111.991244, -7.829881],\r\n				[111.991244, -7.82784],\r\n				[111.989914, -7.82648],\r\n				[111.990085, -7.826012],\r\n				[111.987426, -7.824312]\r\n			]\r\n		]\r\n	},\r\n	"id": "44faf495-d671-4958-a27b-282f99732549"\r\n}'),
	(4, 1, 'Banjarmlati', 0.954, -7.8364838, 111.9942186, '{\r\n	"type": "Feature",\r\n	"properties": {\r\n		"shape": "Polygon",\r\n		"name": "BANJARMLATI",\r\n		"display_name": "Kelurahan Banjarmlati, Kec. Mojoroto"\r\n	},\r\n	"geometry": {\r\n		"type": "Polygon",\r\n		"coordinates": [\r\n			[\r\n				[112.008412, -7.835536],\r\n				[112.007168, -7.835493],\r\n				[112.004721, -7.83426],\r\n				[112.001416, -7.833112],\r\n				[112.001287, -7.832305],\r\n				[111.999398, -7.831454],\r\n				[111.995836, -7.832517],\r\n				[111.995363, -7.83358],\r\n				[111.994763, -7.83426],\r\n				[111.992831, -7.834473],\r\n				[111.991629, -7.833793],\r\n				[111.991758, -7.832262],\r\n				[111.992015, -7.831794],\r\n				[111.991543, -7.831369],\r\n				[111.990942, -7.832134],\r\n				[111.989742, -7.834473],\r\n				[111.98896, -7.839311],\r\n				[111.992607, -7.839747],\r\n				[111.995201, -7.840418],\r\n				[111.998634, -7.840951],\r\n				[112.003609, -7.842511],\r\n				[112.00623, -7.840255],\r\n				[112.008412, -7.835536]\r\n			]\r\n		]\r\n	},\r\n	"id": "e6233df5-5d53-4733-9906-3ce11c24ad15"\r\n}'),
	(5, 1, 'Bandar Kidul', 1.299, -7.8287519, 111.9947831, '{\r\n	"type": "Feature",\r\n	"properties": {\r\n		"shape": "Polygon",\r\n		"name": "BANDAR KIDUL",\r\n		"display_name": "Kelurahan Bandar Kidul, Kec. Mojoroto"\r\n	},\r\n	"geometry": {\r\n		"type": "Polygon",\r\n		"coordinates": [\r\n			[\r\n				[112.009743, -7.826735],\r\n				[112.006738, -7.826352],\r\n				[112.005751, -7.825842],\r\n				[112.002574, -7.825247],\r\n				[112.001244, -7.822739],\r\n				[111.999913, -7.822994],\r\n				[111.999098, -7.822441],\r\n				[111.997166, -7.822824],\r\n				[111.993904, -7.821293],\r\n				[111.993131, -7.821718],\r\n				[111.992917, -7.824312],\r\n				[111.993217, -7.828223],\r\n				[111.992702, -7.828521],\r\n				[111.991672, -7.825927],\r\n				[111.9915, -7.824482],\r\n				[111.990899, -7.823716],\r\n				[111.989959, -7.822781],\r\n				[111.98777, -7.823504],\r\n				[111.987426, -7.824312],\r\n				[111.990085, -7.826012],\r\n				[111.989914, -7.82648],\r\n				[111.991244, -7.82784],\r\n				[111.991244, -7.829881],\r\n				[111.9903, -7.830859],\r\n				[111.989527, -7.833027],\r\n				[111.989742, -7.834473],\r\n				[111.990942, -7.832134],\r\n				[111.991543, -7.831369],\r\n				[111.992015, -7.831794],\r\n				[111.991758, -7.832262],\r\n				[111.991629, -7.833793],\r\n				[111.992831, -7.834473],\r\n				[111.994763, -7.83426],\r\n				[111.995363, -7.83358],\r\n				[111.995836, -7.832517],\r\n				[111.999398, -7.831454],\r\n				[112.001287, -7.832305],\r\n				[112.001416, -7.833112],\r\n				[112.004721, -7.83426],\r\n				[112.007168, -7.835493],\r\n				[112.008412, -7.835536],\r\n				[112.008842, -7.83324],\r\n				[112.009786, -7.829881],\r\n				[112.009743, -7.826735]\r\n			]\r\n		]\r\n	},\r\n	"id": "1b767abb-adfb-414b-a3d1-6c567d616679"\r\n}'),
	(6, 1, 'Lirboyo', 1.037, -7.8219404, 111.9875506, '{\r\n	"type": "Feature",\r\n	"properties": {\r\n		"shape": "Polygon",\r\n		"name": "LIRBOYO",\r\n		"display_name": "Kelurahan Lirboyo, Kec. Mojoroto"\r\n	},\r\n	"geometry": {\r\n		"type": "Polygon",\r\n		"coordinates": [\r\n			[\r\n				[111.992281, -7.81432],\r\n				[111.989834, -7.815936],\r\n				[111.98983, -7.817041],\r\n				[111.988757, -7.81904],\r\n				[111.989015, -7.82023],\r\n				[111.99056, -7.821378],\r\n				[111.989959, -7.822781],\r\n				[111.990899, -7.823716],\r\n				[111.9915, -7.824482],\r\n				[111.991672, -7.825927],\r\n				[111.992702, -7.828521],\r\n				[111.993217, -7.828223],\r\n				[111.992917, -7.824312],\r\n				[111.993131, -7.821718],\r\n				[111.993904, -7.821293],\r\n				[111.993904, -7.821293],\r\n				[111.994118, -7.819932],\r\n				[111.994033, -7.818444],\r\n				[111.993303, -7.817552],\r\n				[111.993603, -7.815681],\r\n				[111.992281, -7.81432]\r\n			]\r\n		]\r\n	},\r\n	"id": "0afb306f-9862-4fd6-9781-34d55b88e2c0"\r\n}'),
	(7, 1, 'Bandar Lor', 1.113, -7.8193884, 111.9967401, '{\r\n	"type": "Feature",\r\n	"properties": {\r\n		"shape": "Polygon",\r\n		"name": "BANDAR LOR",\r\n		"display_name": "Kelurahan Bandar Lor, Kec. Mojoroto"\r\n	},\r\n	"geometry": {\r\n		"type": "Polygon",\r\n		"coordinates": [\r\n			[\r\n				[112.008374, -7.815426],\r\n				[112.003996, -7.813895],\r\n				[112.002922, -7.812492],\r\n				[112.000905, -7.812364],\r\n				[112.000433, -7.811939],\r\n				[111.998845, -7.812407],\r\n				[111.992835, -7.812237],\r\n				[111.992281, -7.81432],\r\n				[111.993603, -7.815681],\r\n				[111.993303, -7.817552],\r\n				[111.994033, -7.818444],\r\n				[111.994118, -7.819932],\r\n				[111.993904, -7.821293],\r\n				[111.997166, -7.822824],\r\n				[111.999098, -7.822441],\r\n				[111.999913, -7.822994],\r\n				[112.001244, -7.822739],\r\n				[112.002574, -7.825247],\r\n				[112.005751, -7.825842],\r\n				[112.006738, -7.826352],\r\n				[112.009743, -7.826735],\r\n				[112.009485, -7.823249],\r\n				[112.008798, -7.820017],\r\n				[112.008374, -7.815426]\r\n			]\r\n		]\r\n	},\r\n	"id": "eaed0b99-b939-4d24-a87c-dabe865df3cf"\r\n}'),
	(8, 1, 'Mojoroto', 2.13, 7.8067896, 111.9471999, '{\r\n	"type": "Feature",\r\n	"properties": {\r\n		"shape": "Polygon",\r\n		"name": "MOJOROTO",\r\n		"display_name": "Kelurahan Mojoroto, Kec. Mojoroto"\r\n	},\r\n	"geometry": {\r\n		"type": "Polygon",\r\n		"coordinates": [\r\n			[\r\n				[112.009101, -7.792253],\r\n				[112.008371, -7.792849],\r\n				[112.007384, -7.792636],\r\n				[112.006268, -7.792636],\r\n				[112.001847, -7.794337],\r\n				[111.996739, -7.798206],\r\n				[111.994292, -7.802415],\r\n				[111.991977, -7.804966],\r\n				[111.991462, -7.806582],\r\n				[111.990603, -7.810706],\r\n				[111.990947, -7.811472],\r\n				[111.992835, -7.812237],\r\n				[111.998845, -7.812407],\r\n				[112.000433, -7.811939],\r\n				[112.000905, -7.812364],\r\n				[112.002922, -7.812492],\r\n				[112.003996, -7.813895],\r\n				[112.008374, -7.815426],\r\n				[112.008417, -7.813002],\r\n				[112.009447, -7.810366],\r\n				[112.009747, -7.806029],\r\n				[112.009833, -7.802373],\r\n				[112.009962, -7.795442],\r\n				[112.009275, -7.794464],\r\n				[112.009101, -7.792253]\r\n			]\r\n		]\r\n	},\r\n	"id": "beb64259-016f-4700-863c-908f699cb6f5"\r\n}'),
	(9, 1, 'Sukorame', 4.302, -7.8041199, 111.9764482, '{\r\n	"type": "Feature",\r\n	"properties": {\r\n		"shape": "Polygon",\r\n		"name": "SUKORAME",\r\n		"category": "Kelurahan Sukorame, Kec. Mojoroto"\r\n	},\r\n	"geometry": {\r\n		"type": "Polygon",\r\n		"coordinates": [\r\n			[\r\n				[111.992835, -7.812237],\r\n				[111.990947, -7.811472],\r\n				[111.990603, -7.810706],\r\n				[111.988374, -7.810111],\r\n				[111.986915, -7.810834],\r\n				[111.986486, -7.809048],\r\n				[111.986529, -7.804924],\r\n				[111.986915, -7.804031],\r\n				[111.985756, -7.803138],\r\n				[111.985069, -7.803818],\r\n				[111.983481, -7.804159],\r\n				[111.982751, -7.805264],\r\n				[111.982022, -7.804329],\r\n				[111.981721, -7.8025],\r\n				[111.981243, -7.800885],\r\n				[111.979441, -7.799312],\r\n				[111.97657, -7.793539],\r\n				[111.973343, -7.792207],\r\n				[111.974081, -7.79472],\r\n				[111.97348, -7.796378],\r\n				[111.972665, -7.798121],\r\n				[111.974382, -7.801012],\r\n				[111.974897, -7.802373],\r\n				[111.975369, -7.804371],\r\n				[111.97494, -7.80654],\r\n				[111.978932, -7.809984],\r\n				[111.97979, -7.810154],\r\n				[111.980992, -7.809261],\r\n				[111.982151, -7.810409],\r\n				[111.982881, -7.811769],\r\n				[111.984984, -7.813172],\r\n				[111.987645, -7.813257],\r\n				[111.987817, -7.81415],\r\n				[111.987903, -7.815851],\r\n				[111.989834, -7.815936],\r\n				[111.992281, -7.81432],\r\n				[111.992835, -7.812237]\r\n			]\r\n		]\r\n	},\r\n	"id": "aaab433a-0a68-40ba-a250-4744e03a12fa"\r\n}'),
	(10, 1, 'Bujel', 1.59, -7.8020177, 111.9805372, '{\r\n	"type": "Feature",\r\n	"properties": {\r\n		"shape": "Polygon",\r\n		"name": "BUJEL",\r\n		"display_name": "Kelurahan Bujel, Kec. Mojoroto"\r\n	},\r\n	"geometry": {\r\n		"type": "Polygon",\r\n		"coordinates": [\r\n			[\r\n				[111.981243, -7.800885],\r\n				[111.981721, -7.8025],\r\n				[111.982022, -7.804329],\r\n				[111.982751, -7.805264],\r\n				[111.983481, -7.804159],\r\n				[111.985069, -7.803818],\r\n				[111.985756, -7.803138],\r\n				[111.986915, -7.804031],\r\n				[111.986529, -7.804924],\r\n				[111.986486, -7.809048],\r\n				[111.986915, -7.810834],\r\n				[111.988374, -7.810111],\r\n				[111.990603, -7.810706],\r\n				[111.991462, -7.806582],\r\n				[111.991977, -7.804966],\r\n				[111.994292, -7.802415],\r\n				[111.991588, -7.802075],\r\n				[111.99, -7.800927],\r\n				[111.990472, -7.800119],\r\n				[111.990687, -7.798504],\r\n				[111.989743, -7.797313],\r\n				[111.988798, -7.796888],\r\n				[111.989356, -7.795783],\r\n				[111.989356, -7.794635],\r\n				[111.990429, -7.793912],\r\n				[111.988393, -7.793683],\r\n				[111.987959, -7.795035],\r\n				[111.98751, -7.796335],\r\n				[111.983819, -7.800077],\r\n				[111.98296, -7.800715],\r\n				[111.981243, -7.800885]\r\n			]\r\n		]\r\n	},\r\n	"id": "75d47e62-a503-4171-baeb-8f5e2e61fcd6"\r\n}'),
	(11, 1, 'Ngampel', 1.468, -7.7956635, 111.9950276, '{\r\n	"type": "Feature",\r\n	"properties": {\r\n		"shape": "Polygon",\r\n		"name": "NGAMPEL",\r\n		"display_name": "Kelurahan Ngampel, Kec. Mojoroto"\r\n	},\r\n	"geometry": {\r\n		"type": "Polygon",\r\n		"coordinates": [\r\n			[\r\n				[112.009109, -7.789189],\r\n				[112.007468, -7.790978],\r\n				[112.001717, -7.790978],\r\n				[111.998712, -7.789915],\r\n				[111.994548, -7.789447],\r\n				[111.993862, -7.79034],\r\n				[111.991372, -7.790808],\r\n				[111.990214, -7.792211],\r\n				[111.988841, -7.792253],\r\n				[111.988393, -7.793683],\r\n				[111.990429, -7.793912],\r\n				[111.989356, -7.794635],\r\n				[111.989356, -7.795783],\r\n				[111.988798, -7.796888],\r\n				[111.989743, -7.797313],\r\n				[111.990687, -7.798504],\r\n				[111.990472, -7.800119],\r\n				[111.99, -7.800927],\r\n				[111.991588, -7.802075],\r\n				[111.994292, -7.802415],\r\n				[111.996739, -7.798206],\r\n				[112.001847, -7.794337],\r\n				[112.006268, -7.792636],\r\n				[112.007384, -7.792636],\r\n				[112.008371, -7.792849],\r\n				[112.009101, -7.792253],\r\n				[112.009214, -7.790075],\r\n				[112.009109, -7.789189]\r\n			]\r\n		]\r\n	},\r\n	"id": "779d27b7-aef4-4076-bd0e-5aa11ea20d8b"\r\n}'),
	(12, 1, 'Gayam', 1.296, -7.789659, 111.9765507, '{\r\n	"type": "Feature",\r\n	"properties": {\r\n		"shape": "Polygon",\r\n		"name": "GAYAM",\r\n		"display_name": "Kelurahan Gayam, Kec. Mojoroto"\r\n	},\r\n	"geometry": {\r\n		"type": "Polygon",\r\n		"coordinates": [\r\n			[\r\n				[111.990633, -7.781457],\r\n				[111.985496, -7.781195],\r\n				[111.984825, -7.781072],\r\n				[111.984344, -7.781031],\r\n				[111.983886, -7.78095],\r\n				[111.98349, -7.78093],\r\n				[111.983429, -7.781677],\r\n				[111.983329, -7.783295],\r\n				[111.983198, -7.784219],\r\n				[111.983085, -7.784914],\r\n				[111.982696, -7.786679],\r\n				[111.982261, -7.788133],\r\n				[111.981994, -7.788596],\r\n				[111.981636, -7.788964],\r\n				[111.981094, -7.789235],\r\n				[111.980514, -7.789465],\r\n				[111.979988, -7.7898],\r\n				[111.979509, -7.790213],\r\n				[111.979164, -7.790724],\r\n				[111.978828, -7.791504],\r\n				[111.978649, -7.792099],\r\n				[111.97657, -7.793539],\r\n				[111.977337, -7.795102],\r\n				[111.978325, -7.797143],\r\n				[111.979441, -7.799312],\r\n				[111.981243, -7.800885],\r\n				[111.98296, -7.800715],\r\n				[111.983819, -7.800077],\r\n				[111.98751, -7.796335],\r\n				[111.988068, -7.79472],\r\n				[111.988841, -7.792253],\r\n				[111.990214, -7.792211],\r\n				[111.991372, -7.790808],\r\n				[111.991801, -7.789702],\r\n				[111.992316, -7.786598],\r\n				[111.991715, -7.786003],\r\n				[111.991801, -7.785238],\r\n				[111.991071, -7.784642],\r\n				[111.990633, -7.781457]\r\n			]\r\n		]\r\n	},\r\n	"id": "d73c05f8-7f69-48db-a689-07d2ec3d6317"\r\n}'),
	(13, 1, 'Mrican', 1.109, -7.785485, 111.9953551, '{\r\n	"type": "Feature",\r\n	"properties": {\r\n		"shape": "Polygon",\r\n		"name": "MRICAN",\r\n		"display_name": "Kelurahan Mrican, Kec. Mojoroto"\r\n	},\r\n	"geometry": {\r\n		"type": "Polygon",\r\n		"coordinates": [\r\n			[\r\n				[111.99173, -7.777362],\r\n				[111.990633, -7.781457],\r\n				[111.991071, -7.784642],\r\n				[111.991801, -7.785238],\r\n				[111.991715, -7.786003],\r\n				[111.992316, -7.786598],\r\n				[111.991801, -7.789702],\r\n				[111.991372, -7.790808],\r\n				[111.993862, -7.79034],\r\n				[111.994548, -7.789447],\r\n				[111.998712, -7.789915],\r\n				[112.001717, -7.790978],\r\n				[112.007468, -7.790978],\r\n				[112.009109, -7.789189],\r\n				[112.008728, -7.788031],\r\n				[112.008835, -7.785831],\r\n				[112.006195, -7.782843],\r\n				[112.003537, -7.782155],\r\n				[112.003173, -7.781411],\r\n				[112.001692, -7.781113],\r\n				[112.000061, -7.781794],\r\n				[111.995768, -7.780305],\r\n				[111.995575, -7.779561],\r\n				[111.993322, -7.778647],\r\n				[111.99173, -7.777362]\r\n			]\r\n		]\r\n	},\r\n	"id": "7f1fc266-46ab-4e31-ba94-283528ec90c3"\r\n}'),
	(14, 1, 'Dermo', 0.657, -7.776957, 111.9944361, '{\r\n	"type": "Feature",\r\n	"properties": {\r\n		"shape": "Polygon",\r\n		"name": "DERMO",\r\n		"display_name": "Kelurahan Dermo, Kec. Mojoroto"\r\n	},\r\n	"geometry": {\r\n		"type": "Polygon",\r\n		"coordinates": [\r\n			[\r\n				[111.99173, -7.777362],\r\n				[111.993322, -7.778647],\r\n				[111.995575, -7.779561],\r\n				[111.995768, -7.780305],\r\n				[112.000061, -7.781794],\r\n				[112.001692, -7.781113],\r\n				[112.003173, -7.781411],\r\n				[112.003537, -7.782155],\r\n				[112.006195, -7.782843],\r\n				[112.005959, -7.779669],\r\n				[112.006317, -7.776985],\r\n				[112.005363, -7.772608],\r\n				[112.003456, -7.771712],\r\n				[112.001289, -7.771071],\r\n				[111.999357, -7.771702],\r\n				[111.998588, -7.771568],\r\n				[111.997379, -7.771489],\r\n				[111.997265, -7.77158],\r\n				[111.996427, -7.774313],\r\n				[111.992599, -7.775538],\r\n				[111.99173, -7.777362]\r\n			]\r\n		]\r\n	},\r\n	"id": "52317f60-1729-4116-97b5-15b94e92883b"\r\n}'),
	(15, 2, 'Manisrenggo', 1.764, -7.8528874, 112.0000432, '{\r\n	"type": "Feature",\r\n	"properties": {\r\n		"shape": "Polygon",\r\n		"name": "MANISRENGGO",\r\n		"display_name": "Kelurahan Manisrenggo, Kec. Kota"\r\n	},\r\n	"geometry": {\r\n		"type": "Polygon",\r\n		"coordinates": [\r\n			[\r\n				[112.004379, -7.846184],\r\n				[112.002708, -7.848889],\r\n				[112.002515, -7.849164],\r\n				[112.000771, -7.85165],\r\n				[111.999875, -7.85268],\r\n				[112.001399, -7.853286],\r\n				[112.00243, -7.853735],\r\n				[112.003493, -7.854173],\r\n				[112.003915, -7.854346],\r\n				[112.005622, -7.854861],\r\n				[112.006813, -7.855245],\r\n				[112.009666, -7.856048],\r\n				[112.010337, -7.856102],\r\n				[112.010635, -7.85602],\r\n				[112.011298, -7.855743],\r\n				[112.011223, -7.855927],\r\n				[112.010765, -7.858348],\r\n				[112.010704, -7.859794],\r\n				[112.010963, -7.861764],\r\n				[112.01413, -7.861382],\r\n				[112.017242, -7.861485],\r\n				[112.016712, -7.85675],\r\n				[112.01693, -7.851882],\r\n				[112.017809, -7.852414],\r\n				[112.018242, -7.851691],\r\n				[112.012833, -7.849395],\r\n				[112.013005, -7.848332],\r\n				[112.011116, -7.847312],\r\n				[112.011074, -7.846717],\r\n				[112.007425, -7.845909],\r\n				[112.007039, -7.845441],\r\n				[112.006524, -7.846207],\r\n				[112.005622, -7.846079],\r\n				[112.004379, -7.846184]\r\n			]\r\n		]\r\n	},\r\n	"id": "35cc0497-94eb-45da-9bfe-b0b6eff33ab8"\r\n}'),
	(16, 2, 'Rejomulyo', 1.67, -7.8559764, 112.0135947, '{\r\n	"type": "Feature",\r\n	"properties": {\r\n		"shape": "Polygon",\r\n		"name": "REJOMULYO",\r\n		"display_name": "Kelurahan Rejomulyo, Kec. Kota"\r\n	},\r\n	"geometry": {\r\n		"type": "Polygon",\r\n		"coordinates": [\r\n			[\r\n				[112.029617, -7.852329],\r\n				[112.028715, -7.851648],\r\n				[112.024552, -7.84795],\r\n				[112.024423, -7.847057],\r\n				[112.023006, -7.846377],\r\n				[112.02013, -7.845909],\r\n				[112.0191, -7.845271],\r\n				[112.018113, -7.847907],\r\n				[112.019401, -7.848545],\r\n				[112.018242, -7.851691],\r\n				[112.017809, -7.852414],\r\n				[112.01693, -7.851882],\r\n				[112.016712, -7.85675],\r\n				[112.017242, -7.861485],\r\n				[112.018974, -7.862638],\r\n				[112.019745, -7.864985],\r\n				[112.019989, -7.866986],\r\n				[112.02224, -7.868484],\r\n				[112.0233, -7.863382],\r\n				[112.025404, -7.856452],\r\n				[112.025833, -7.854837],\r\n				[112.028323, -7.855857],\r\n				[112.029095, -7.857345],\r\n				[112.029439, -7.856027],\r\n				[112.029617, -7.852329]\r\n			]\r\n		]\r\n	},\r\n	"id": "f7953413-e1fa-4c6a-8a16-63597bfb6197"\r\n}'),
	(17, 2, 'Ngronggo', 2.585, -7.8434304, 112.0118592, '{\r\n	"type": "Feature",\r\n	"properties": {\r\n		"shape": "Polygon",\r\n		"name": "NGRONGGO",\r\n		"display_name": "Kelurahan Ngronggo, Kec. Kota"\r\n	},\r\n	"geometry": {\r\n		"type": "Polygon",\r\n		"coordinates": [\r\n			[\r\n				[112.016953, -7.837874],\r\n				[112.013133, -7.835876],\r\n				[112.012575, -7.836513],\r\n				[112.011759, -7.837066],\r\n				[112.010643, -7.837321],\r\n				[112.010128, -7.834388],\r\n				[112.008667, -7.834175],\r\n				[112.008412, -7.835536],\r\n				[112.00623, -7.840255],\r\n				[112.003609, -7.842511],\r\n				[112.004379, -7.846184],\r\n				[112.005622, -7.846079],\r\n				[112.006524, -7.846207],\r\n				[112.007039, -7.845441],\r\n				[112.007425, -7.845909],\r\n				[112.011074, -7.846717],\r\n				[112.011116, -7.847312],\r\n				[112.013005, -7.848332],\r\n				[112.012833, -7.849395],\r\n				[112.018242, -7.851691],\r\n				[112.019401, -7.848545],\r\n				[112.018113, -7.847907],\r\n				[112.0191, -7.845271],\r\n				[112.02013, -7.845909],\r\n				[112.023006, -7.846377],\r\n				[112.024423, -7.847057],\r\n				[112.024552, -7.84795],\r\n				[112.028715, -7.851648],\r\n				[112.029617, -7.852329],\r\n				[112.031548, -7.852966],\r\n				[112.03172, -7.852456],\r\n				[112.035497, -7.853561],\r\n				[112.036055, -7.854284],\r\n				[112.037429, -7.854029],\r\n				[112.037815, -7.852626],\r\n				[112.036742, -7.851351],\r\n				[112.036356, -7.849438],\r\n				[112.035068, -7.849013],\r\n				[112.034467, -7.847695],\r\n				[112.030561, -7.846079],\r\n				[112.030561, -7.844761],\r\n				[112.029617, -7.844209],\r\n				[112.029273, -7.843443],\r\n				[112.025281, -7.84238],\r\n				[112.021461, -7.841105],\r\n				[112.021676, -7.839702],\r\n				[112.018585, -7.838724],\r\n				[112.016953, -7.837874]\r\n			]\r\n		]\r\n	},\r\n	"id": "5fc4ffec-89bd-466c-a9be-50a46b681016"\r\n}'),
	(18, 2, 'Kaliombo', 0.958, -7.8338395, 112.0127606, '{\r\n	"type": "Feature",\r\n	"properties": {\r\n		"shape": "Polygon",\r\n		"name": "KALIOMBO",\r\n		"display_name": "Kelurahan Kaliombo, Kec. Kota"\r\n	},\r\n	"geometry": {\r\n		"type": "Polygon",\r\n		"coordinates": [\r\n			[\r\n				[112.016609, -7.830179],\r\n				[112.015879, -7.829456],\r\n				[112.014892, -7.829754],\r\n				[112.009772, -7.82882],\r\n				[112.009786, -7.829881],\r\n				[112.008842, -7.83324],\r\n				[112.008667, -7.834175],\r\n				[112.010128, -7.834388],\r\n				[112.010643, -7.837321],\r\n				[112.011759, -7.837066],\r\n				[112.012575, -7.836513],\r\n				[112.013133, -7.835876],\r\n				[112.016953, -7.837874],\r\n				[112.017382, -7.836556],\r\n				[112.018499, -7.836513],\r\n				[112.019228, -7.835791],\r\n				[112.020816, -7.836046],\r\n				[112.021203, -7.835493],\r\n				[112.018773, -7.834579],\r\n				[112.017313, -7.833856],\r\n				[112.01639, -7.833155],\r\n				[112.016326, -7.832113],\r\n				[112.016609, -7.830179]\r\n			]\r\n		]\r\n	},\r\n	"id": "cc5259ac-fbde-48cc-b2c4-49cba85d1783"\r\n}'),
	(19, 2, 'Kampungdalem', 0.332, -7.8265535, 112.0113433, '{\r\n	"type": "Feature",\r\n	"properties": {\r\n		"shape": "Polygon",\r\n		"name": "KAMPUNG DALEM",\r\n		"display_name": "Kelurahan Kampung dalem, Kec. Kota"\r\n	},\r\n	"geometry": {\r\n		"type": "Polygon",\r\n		"coordinates": [\r\n			[\r\n				[112.017553, -7.827755],\r\n				[112.016437, -7.8275],\r\n				[112.01618, -7.826225],\r\n				[112.014076, -7.825375],\r\n				[112.011261, -7.82395],\r\n				[112.009485, -7.823249],\r\n				[112.009743, -7.826735],\r\n				[112.009772, -7.82882],\r\n				[112.014892, -7.829754],\r\n				[112.015879, -7.829456],\r\n				[112.016609, -7.830179],\r\n				[112.017124, -7.829541],\r\n				[112.017553, -7.827755]\r\n			]\r\n		]\r\n	},\r\n	"id": "a17efe06-fcf2-4f2c-9f6e-ea05f3511c59"\r\n}'),
	(20, 2, 'Setonopande', 0.383, -7.8240365, 112.0127888, '{\r\n	"type": "Feature",\r\n	"properties": {\r\n		"shape": "Polygon",\r\n		"name": "SETONOPANDE",\r\n		"display_name": "Kelurahan Setonopande, Kec. Kota"\r\n	},\r\n	"geometry": {\r\n		"type": "Polygon",\r\n		"coordinates": [\r\n			[\r\n				[112.018493, -7.822143],\r\n				[112.011991, -7.820506],\r\n				[112.011261, -7.82395],\r\n				[112.014076, -7.825375],\r\n				[112.01618, -7.826225],\r\n				[112.016437, -7.8275],\r\n				[112.017553, -7.827755],\r\n				[112.018493, -7.822143]\r\n			]\r\n		]\r\n	},\r\n	"id": "5b436713-2372-4c26-b675-5a9324419fd3"\r\n}'),
	(21, 2, 'Ringinanom', 0.05, -7.822169, 112.0092462, '{\r\n	"type": "Feature",\r\n	"properties": {\r\n		"shape": "Polygon",\r\n		"name": "RINGINANOM",\r\n		"display_name": "Kelurahan Ringinanom, Kec. Kota"\r\n	},\r\n	"geometry": {\r\n		"type": "Polygon",\r\n		"coordinates": [\r\n			[\r\n				[112.008798, -7.820017],\r\n				[112.009485, -7.823249],\r\n				[112.011261, -7.82395],\r\n				[112.011991, -7.820506],\r\n				[112.008798, -7.820017]\r\n			]\r\n		]\r\n	},\r\n	"id": "837308cb-29dd-4401-b497-0236c2619c7a"\r\n}'),
	(22, 2, 'Pakelan', 0.214, -7.8171645, 112.0068816, '{\r\n	"type": "Feature",\r\n	"properties": {\r\n		"shape": "Polygon",\r\n		"name": "PAKELAN",\r\n		"display_name": "Kelurahan Pakelan, Kec. Kota"\r\n	},\r\n	"geometry": {\r\n		"type": "Polygon",\r\n		"coordinates": [\r\n			[\r\n				[112.013043, -7.818338],\r\n				[112.011583, -7.818104],\r\n				[112.010231, -7.817807],\r\n				[112.01036, -7.816829],\r\n				[112.010768, -7.815192],\r\n				[112.013836, -7.815971],\r\n				[112.014319, -7.81446],\r\n				[112.00993, -7.813661],\r\n				[112.008412, -7.813288],\r\n				[112.008374, -7.815426],\r\n				[112.008798, -7.820017],\r\n				[112.011991, -7.820506],\r\n				[112.013043, -7.818338]\r\n			]\r\n		]\r\n	},\r\n	"id": "e569c1d1-2dfe-4194-8783-d708f1afa88c"\r\n}'),
	(23, 2, 'Setonogedong', 0.059, -7.8167804, 112.0111042, '{\r\n	"type": "Feature",\r\n	"properties": {\r\n		"shape": "Polygon",\r\n		"name": "SETONOGEDONG",\r\n		"display_name": "kelurahan Setonogedong, Kec. Kota"\r\n	},\r\n	"geometry": {\r\n		"type": "Polygon",\r\n		"coordinates": [\r\n			[\r\n				[112.013836, -7.815971],\r\n				[112.010768, -7.815192],\r\n				[112.01036, -7.816829],\r\n				[112.010231, -7.817807],\r\n				[112.011583, -7.818104],\r\n				[112.013043, -7.818338],\r\n				[112.013561, -7.816829],\r\n				[112.013836, -7.815971]\r\n			]\r\n		]\r\n	},\r\n	"id": "1f7a7bef-35a0-4ad8-8075-b9866510c48e"\r\n}'),
	(24, 2, 'Kemasan', 0.228, -7.818918, 112.0138383, '{\r\n	"type": "Feature",\r\n	"properties": {\r\n		"shape": "Polygon",\r\n		"name": "KEMASAN",\r\n		"display_name": "Kelurahan Kemasan, Kec. Kota"\r\n	},\r\n	"geometry": {\r\n		"type": "Polygon",\r\n		"coordinates": [\r\n			[\r\n				[112.013561, -7.816829],\r\n				[112.013043, -7.818338],\r\n				[112.019344, -7.819573],\r\n				[112.019825, -7.817977],\r\n				[112.013561, -7.816829]\r\n			]\r\n		]\r\n	},\r\n	"id": "49e6fd37-7f96-4ecb-b5b8-2e271b565f76"\r\n}'),
	(25, 2, 'Jagalan', 0.043, -7.8207049, 112.0134309, '{\r\n	"type": "Feature",\r\n	"properties": {\r\n		"shape": "Polygon",\r\n		"name": "JAGALAN",\r\n		"display_name": "Kelurahan Jagalan, Kec. Kota"\r\n	},\r\n	"geometry": {\r\n		"type": "Polygon",\r\n		"coordinates": [\r\n			[\r\n				[112.013043, -7.818338],\r\n				[112.011991, -7.820506],\r\n				[112.018493, -7.822143],\r\n				[112.019114, -7.820336],\r\n				[112.019344, -7.819573],\r\n				[112.013043, -7.818338]\r\n			]\r\n		]\r\n	},\r\n	"id": "7086ec3f-b20c-405b-9308-bc7a774eefca"\r\n}'),
	(26, 2, 'Banjaran', 1.209, -7.8175133, 112.0230906, '{\r\n	"type": "Feature",\r\n	"properties": {\r\n		"shape": "Polygon",\r\n		"name": "BANJARAN",\r\n		"display_name": "Kelurahan Banjaran, Kec. Kota"\r\n	},\r\n	"geometry": {\r\n		"type": "Polygon",\r\n		"coordinates": [\r\n			[\r\n				[112.019825, -7.817977],\r\n				[112.019114, -7.820336],\r\n				[112.02199, -7.820995],\r\n				[112.022033, -7.822845],\r\n				[112.025703, -7.823759],\r\n				[112.026111, -7.822675],\r\n				[112.026797, -7.822696],\r\n				[112.027076, -7.821803],\r\n				[112.027742, -7.821931],\r\n				[112.028042, -7.821994],\r\n				[112.029094, -7.819125],\r\n				[112.032227, -7.820336],\r\n				[112.032549, -7.820188],\r\n				[112.033294, -7.818812],\r\n				[112.033533, -7.818305],\r\n				[112.033752, -7.817885],\r\n				[112.034057, -7.817173],\r\n				[112.034195, -7.816922],\r\n				[112.034813, -7.815568],\r\n				[112.035028, -7.81503],\r\n				[112.035609, -7.813371],\r\n				[112.035671, -7.813188],\r\n				[112.035835, -7.81283],\r\n				[112.031993, -7.811269],\r\n				[112.031282, -7.813102],\r\n				[112.031196, -7.813335],\r\n				[112.031127, -7.813504],\r\n				[112.031083, -7.81365],\r\n				[112.030915, -7.814134],\r\n				[112.030727, -7.815426],\r\n				[112.029654, -7.814575],\r\n				[112.025576, -7.813512],\r\n				[112.024202, -7.816574],\r\n				[112.021498, -7.817637],\r\n				[112.021412, -7.818317],\r\n				[112.019825, -7.817977]\r\n			]\r\n		]\r\n	},\r\n	"id": "7775fff9-2a35-4e22-b59c-da019ee8f65a"\r\n}'),
	(27, 2, 'Ngadirejo', 1.47, -7.8107375, 112.0209237, '{\r\n	"type": "Feature",\r\n	"properties": {\r\n		"shape": "Polygon",\r\n		"name": "NGADIREJO",\r\n		"display_name": "Kelurahan Ngadirejo, Kec. Kota"\r\n	},\r\n	"geometry": {\r\n		"type": "Polygon",\r\n		"coordinates": [\r\n			[\r\n				[112.019825, -7.817977],\r\n				[112.021412, -7.818317],\r\n				[112.021498, -7.817637],\r\n				[112.024202, -7.816574],\r\n				[112.025576, -7.813512],\r\n				[112.029654, -7.814575],\r\n				[112.030727, -7.815426],\r\n				[112.030915, -7.814134],\r\n				[112.030327, -7.813746],\r\n				[112.029427, -7.811574],\r\n				[112.029388, -7.808287],\r\n				[112.028595, -7.806197],\r\n				[112.026093, -7.804458],\r\n				[112.023946, -7.810111],\r\n				[112.022787, -7.809856],\r\n				[112.0221, -7.812322],\r\n				[112.020855, -7.812237],\r\n				[112.019825, -7.817977]\r\n			]\r\n		]\r\n	},\r\n	"id": "a3d1d4c8-b90a-4ef6-a545-c702f23ab0b3"\r\n}'),
	(28, 2, 'Dandangan', 1.1, -7.8080724, 112.0120147, '{\r\n	"type": "Feature",\r\n	"properties": {\r\n		"shape": "Polygon",\r\n		"name": "DANDANGAN",\r\n		"display_name": "Kelurahan Dandangan, Kec. Kota"\r\n	},\r\n	"geometry": {\r\n		"type": "Polygon",\r\n		"coordinates": [\r\n			[\r\n				[112.015493, -7.817169],\r\n				[112.019825, -7.817977],\r\n				[112.020855, -7.812237],\r\n				[112.0221, -7.812322],\r\n				[112.022787, -7.809856],\r\n				[112.023946, -7.810111],\r\n				[112.026093, -7.804458],\r\n				[112.024841, -7.802661],\r\n				[112.024485, -7.799588],\r\n				[112.023492, -7.799294],\r\n				[112.021039, -7.798126],\r\n				[112.020615, -7.797991],\r\n				[112.020012, -7.797897],\r\n				[112.017939, -7.808751],\r\n				[112.015493, -7.817169]\r\n			]\r\n		]\r\n	},\r\n	"id": "930bf84c-4479-491a-87d8-91a565051953"\r\n}'),
	(29, 2, 'Balowerti', 0.83, -7.8067817, 112.0067677, '{\r\n	"type": "Feature",\r\n	"properties": {\r\n		"shape": "Polygon",\r\n		"name": "BALOWERTI",\r\n		"display_name": "Kelurahan Balowerti, Kec. Kota",\r\n		"category": "default"\r\n	},\r\n	"geometry": {\r\n		"type": "Polygon",\r\n		"coordinates": [\r\n			[\r\n				[112.015968, -7.79574],\r\n				[112.01386, -7.802415],\r\n				[112.012401, -7.802118],\r\n				[112.011928, -7.806412],\r\n				[112.011156, -7.806667],\r\n				[112.011242, -7.809218],\r\n				[112.01107, -7.810834],\r\n				[112.015235, -7.811599],\r\n				[112.013561, -7.816829],\r\n				[112.015493, -7.817169],\r\n				[112.017939, -7.808751],\r\n				[112.018798, -7.803946],\r\n				[112.020012, -7.797897],\r\n				[112.019314, -7.797625],\r\n				[112.017911, -7.796801],\r\n				[112.015968, -7.79574]\r\n			]\r\n		]\r\n	},\r\n	"id": "e441f719-9bb9-4557-9292-ed903f7ab1a9"\r\n}'),
	(30, 2, 'Pocanan', 0.214, -7.8126155, 112.0095544, '{\r\n	"type": "Feature",\r\n	"properties": {\r\n		"shape": "Polygon",\r\n		"name": "POCANAN",\r\n		"display_name": "Kelurahan Pocanan, Kec. Kota"\r\n	},\r\n	"geometry": {\r\n		"type": "Polygon",\r\n		"coordinates": [\r\n			[\r\n				[112.009447, -7.810366],\r\n				[112.008417, -7.813002],\r\n				[112.008412, -7.813288],\r\n				[112.00993, -7.813661],\r\n				[112.012485, -7.814086],\r\n				[112.014319, -7.81446],\r\n				[112.015235, -7.811599],\r\n				[112.01107, -7.810834],\r\n				[112.009447, -7.810366]\r\n			]\r\n		]\r\n	},\r\n	"id": "67e1fd3d-51a0-4b2d-a210-b213301b2788"\r\n}'),
	(31, 2, 'Semampir', 1.791, -7.8004249, 112.0036392, '{\r\n	"type": "Feature",\r\n	"properties": {\r\n		"shape": "Polygon",\r\n		"name": "SEMAMPIR",\r\n		"display_name": "Kelurahan Semampir, Kec. Kota"\r\n	},\r\n	"geometry": {\r\n		"type": "Polygon",\r\n		"coordinates": [\r\n			[\r\n				[112.009214, -7.790075],\r\n				[112.009101, -7.792253],\r\n				[112.009275, -7.794464],\r\n				[112.009962, -7.795442],\r\n				[112.009747, -7.806029],\r\n				[112.009447, -7.810366],\r\n				[112.01107, -7.810834],\r\n				[112.011242, -7.809218],\r\n				[112.011156, -7.806667],\r\n				[112.011928, -7.806412],\r\n				[112.012401, -7.802118],\r\n				[112.01386, -7.802415],\r\n				[112.015968, -7.79574],\r\n				[112.01597, -7.795658],\r\n				[112.01603, -7.794998],\r\n				[112.01605, -7.792748],\r\n				[112.015964, -7.791595],\r\n				[112.013628, -7.790628],\r\n				[112.013543, -7.790628],\r\n				[112.013549, -7.790595],\r\n				[112.010922, -7.789782],\r\n				[112.010615, -7.790201],\r\n				[112.009214, -7.790075]\r\n			]\r\n		]\r\n	},\r\n	"id": "e645e8e5-793e-45ce-82a3-09fb00f1221d"\r\n}'),
	(32, 3, 'Blabak', 3.354, -7.8784027, 112.0193351, '{\r\n	"type": "Feature",\r\n	"properties": {\r\n		"shape": "Polygon",\r\n		"name": "BLABAK",\r\n		"display_name": "Kelurahan Blabak, Kec. Pesantren"\r\n	},\r\n	"geometry": {\r\n		"type": "Polygon",\r\n		"coordinates": [\r\n			[\r\n				[112.037429, -7.854029],\r\n				[112.036055, -7.854284],\r\n				[112.035497, -7.853561],\r\n				[112.03172, -7.852456],\r\n				[112.031548, -7.852966],\r\n				[112.029617, -7.852329],\r\n				[112.029439, -7.856027],\r\n				[112.029095, -7.857345],\r\n				[112.028323, -7.855857],\r\n				[112.025833, -7.854837],\r\n				[112.025404, -7.856452],\r\n				[112.0233, -7.863382],\r\n				[112.02224, -7.868484],\r\n				[112.025467, -7.869045],\r\n				[112.029129, -7.869408],\r\n				[112.033127, -7.87003],\r\n				[112.035642, -7.870526],\r\n				[112.038979, -7.871233],\r\n				[112.042412, -7.871709],\r\n				[112.044792, -7.870265],\r\n				[112.047577, -7.867766],\r\n				[112.050591, -7.868439],\r\n				[112.051552, -7.868902],\r\n				[112.055565, -7.871324],\r\n				[112.055737, -7.871458],\r\n				[112.055663, -7.870747],\r\n				[112.05541, -7.870588],\r\n				[112.05538, -7.870357],\r\n				[112.055737, -7.86951],\r\n				[112.055736, -7.869319],\r\n				[112.056465, -7.867611],\r\n				[112.056693, -7.866948],\r\n				[112.056737, -7.866376],\r\n				[112.056737, -7.866125],\r\n				[112.056598, -7.865576],\r\n				[112.057629, -7.865597],\r\n				[112.05795, -7.865436],\r\n				[112.058026, -7.865129],\r\n				[112.055189, -7.863552],\r\n				[112.05227, -7.861001],\r\n				[112.052484, -7.860448],\r\n				[112.049652, -7.859386],\r\n				[112.048836, -7.859726],\r\n				[112.043127, -7.857345],\r\n				[112.039393, -7.855219],\r\n				[112.038921, -7.854624],\r\n				[112.037429, -7.854029]\r\n			]\r\n		]\r\n	},\r\n	"id": "090a4e69-47ff-4a06-bac3-64272a2269fb"\r\n}'),
	(33, 3, 'Bawang', 3.449, -7.8618311, 112.0530077, '{\r\n	"type": "Feature",\r\n	"properties": {\r\n		"shape": "Polygon",\r\n		"name": "BAWANG",\r\n		"display_name": "Kelurahan Bawang, Kec. Pesantren"\r\n	},\r\n	"geometry": {\r\n		"type": "Polygon",\r\n		"coordinates": [\r\n			[\r\n				[112.065186, -7.851978],\r\n				[112.061935, -7.852584],\r\n				[112.058458, -7.851053],\r\n				[112.056183, -7.851308],\r\n				[112.054251, -7.84982],\r\n				[112.053178, -7.84999],\r\n				[112.05086, -7.855602],\r\n				[112.051376, -7.855942],\r\n				[112.050517, -7.857133],\r\n				[112.050732, -7.85743],\r\n				[112.049652, -7.859386],\r\n				[112.052484, -7.860448],\r\n				[112.05227, -7.861001],\r\n				[112.055189, -7.863552],\r\n				[112.058026, -7.865129],\r\n				[112.059355, -7.865315],\r\n				[112.060127, -7.865523],\r\n				[112.06118, -7.865887],\r\n				[112.062248, -7.866401],\r\n				[112.063302, -7.866839],\r\n				[112.064514, -7.867303],\r\n				[112.065246, -7.867753],\r\n				[112.066663, -7.868778],\r\n				[112.067352, -7.871553],\r\n				[112.06849, -7.872876],\r\n				[112.068524, -7.873555],\r\n				[112.069014, -7.874912],\r\n				[112.069281, -7.874991],\r\n				[112.069366, -7.874664],\r\n				[112.070141, -7.872971],\r\n				[112.070003, -7.872879],\r\n				[112.070183, -7.872586],\r\n				[112.070968, -7.872851],\r\n				[112.071454, -7.872838],\r\n				[112.071509, -7.872692],\r\n				[112.071831, -7.872829],\r\n				[112.072392, -7.872757],\r\n				[112.073262, -7.870026],\r\n				[112.072994, -7.869876],\r\n				[112.073488, -7.868758],\r\n				[112.073556, -7.868591],\r\n				[112.073742, -7.868064],\r\n				[112.073005, -7.867571],\r\n				[112.072381, -7.867278],\r\n				[112.072559, -7.866788],\r\n				[112.072166, -7.866511],\r\n				[112.071586, -7.866257],\r\n				[112.070891, -7.865076],\r\n				[112.07057, -7.864742],\r\n				[112.069233, -7.863151],\r\n				[112.068274, -7.862285],\r\n				[112.067067, -7.861282],\r\n				[112.065918, -7.860404],\r\n				[112.065915, -7.859631],\r\n				[112.066018, -7.858537],\r\n				[112.066372, -7.857634],\r\n				[112.066629, -7.856007],\r\n				[112.06656, -7.8556],\r\n				[112.06649, -7.8554],\r\n				[112.06637, -7.85492],\r\n				[112.06639, -7.85473],\r\n				[112.06652, -7.85442],\r\n				[112.06658, -7.85417],\r\n				[112.06653, -7.85405],\r\n				[112.06586, -7.85334],\r\n				[112.06575, -7.85307],\r\n				[112.065587, -7.85277],\r\n				[112.06522, -7.85217],\r\n				[112.065186, -7.851978]\r\n			]\r\n		]\r\n	},\r\n	"id": "5f9a6a07-8ea5-4889-8027-2b14f16d5d49"\r\n}'),
	(34, 3, 'Betet', 1.691, -7.8516151, 112.0340143, '{\r\n	"type": "Feature",\r\n	"properties": {\r\n		"shape": "Polygon",\r\n		"name": "BETET",\r\n		"display_name": "Kelurahan Betet, Kec. Pesantren"\r\n	},\r\n	"geometry": {\r\n		"type": "Polygon",\r\n		"coordinates": [\r\n			[\r\n				[112.045596, -7.846462],\r\n				[112.044574, -7.845059],\r\n				[112.040969, -7.843528],\r\n				[112.04054, -7.842678],\r\n				[112.039295, -7.841998],\r\n				[112.038179, -7.841998],\r\n				[112.037363, -7.844464],\r\n				[112.036848, -7.844336],\r\n				[112.035517, -7.847312],\r\n				[112.034959, -7.847014],\r\n				[112.034467, -7.847695],\r\n				[112.035068, -7.849013],\r\n				[112.036356, -7.849438],\r\n				[112.036742, -7.851351],\r\n				[112.037815, -7.852626],\r\n				[112.037429, -7.854029],\r\n				[112.038921, -7.854624],\r\n				[112.039393, -7.855219],\r\n				[112.043127, -7.857345],\r\n				[112.048836, -7.859726],\r\n				[112.049652, -7.859386],\r\n				[112.050732, -7.85743],\r\n				[112.050517, -7.857133],\r\n				[112.051376, -7.855942],\r\n				[112.05086, -7.855602],\r\n				[112.046935, -7.854199],\r\n				[112.046076, -7.852541],\r\n				[112.046291, -7.850713],\r\n				[112.044917, -7.84982],\r\n				[112.045596, -7.846462]\r\n			]\r\n		]\r\n	},\r\n	"id": "70a56509-86d8-48ed-90d6-eacf20c02e9d"\r\n}'),
	(35, 3, 'Tosaren', 1.361, -7.8437189, 112.0181998, '{\r\n	"type": "Feature",\r\n	"properties": {\r\n		"shape": "Polygon",\r\n		"name": "TOSAREN",\r\n		"display_name": "Kelurahan TOsaren, Kec. Pesantren"\r\n	},\r\n	"geometry": {\r\n		"type": "Polygon",\r\n		"coordinates": [\r\n			[\r\n				[112.030853, -7.836386],\r\n				[112.032182, -7.831114],\r\n				[112.03128, -7.830476],\r\n				[112.026559, -7.829499],\r\n				[112.024456, -7.828988],\r\n				[112.022395, -7.829031],\r\n				[112.019476, -7.829073],\r\n				[112.017273, -7.82892],\r\n				[112.017124, -7.829541],\r\n				[112.016609, -7.830179],\r\n				[112.016326, -7.832113],\r\n				[112.01639, -7.833155],\r\n				[112.017313, -7.833856],\r\n				[112.018773, -7.834579],\r\n				[112.021203, -7.835493],\r\n				[112.023513, -7.836088],\r\n				[112.02523, -7.836003],\r\n				[112.027118, -7.835706],\r\n				[112.027977, -7.835493],\r\n				[112.030853, -7.836386]\r\n			]\r\n		]\r\n	},\r\n	"id": "21eba6eb-84b4-4dab-9002-7f1e2441a927"\r\n}'),
	(36, 3, 'Banaran', 0.974, -7.8341272, 112.0332002, '{\r\n	"type": "Feature",\r\n	"properties": {\r\n		"shape": "Polygon",\r\n		"name": "BANARAN",\r\n		"display_name": "Kelurahan Banaran, Kec. Pesantren"\r\n	},\r\n	"geometry": {\r\n		"type": "Polygon",\r\n		"coordinates": [\r\n			[\r\n				[112.043395, -7.832681],\r\n				[112.035745, -7.830094],\r\n				[112.034457, -7.828988],\r\n				[112.031667, -7.828095],\r\n				[112.03128, -7.830476],\r\n				[112.032182, -7.831114],\r\n				[112.030853, -7.836386],\r\n				[112.032741, -7.837279],\r\n				[112.034888, -7.838001],\r\n				[112.038236, -7.838852],\r\n				[112.040168, -7.839064],\r\n				[112.041198, -7.835918],\r\n				[112.042243, -7.835748],\r\n				[112.043395, -7.832681]\r\n			]\r\n		]\r\n	},\r\n	"id": "9b92c29d-10d9-4b2f-a9a3-ff7436563afb"\r\n}'),
	(37, 3, 'Ngletih', 1.237, -7.8471835, 112.0545366, '{\r\n	"type": "Feature",\r\n	"properties": {\r\n		"shape": "Polygon",\r\n		"name": "NGLETIH",\r\n		"display_name": "Kelurahan Ngletih, Kec. Pesantren"\r\n	},\r\n	"geometry": {\r\n		"type": "Polygon",\r\n		"coordinates": [\r\n			[\r\n				[112.055614, -7.843443],\r\n				[112.054538, -7.842954],\r\n				[112.053121, -7.842572],\r\n				[112.051855, -7.842083],\r\n				[112.050524, -7.842019],\r\n				[112.050417, -7.842976],\r\n				[112.048915, -7.846313],\r\n				[112.048249, -7.846398],\r\n				[112.047885, -7.847525],\r\n				[112.048507, -7.84778],\r\n				[112.050224, -7.848715],\r\n				[112.053178, -7.84999],\r\n				[112.054251, -7.84982],\r\n				[112.056183, -7.851308],\r\n				[112.058458, -7.851053],\r\n				[112.061935, -7.852584],\r\n				[112.065186, -7.851978],\r\n				[112.067741, -7.852074],\r\n				[112.068322, -7.852477],\r\n				[112.068674, -7.851782],\r\n				[112.068818, -7.851425],\r\n				[112.069083, -7.850847],\r\n				[112.068408, -7.850526],\r\n				[112.068105, -7.850665],\r\n				[112.0667, -7.849868],\r\n				[112.065833, -7.849221],\r\n				[112.065544, -7.848967],\r\n				[112.065403, -7.848778],\r\n				[112.065047, -7.848496],\r\n				[112.064805, -7.848168],\r\n				[112.063469, -7.847355],\r\n				[112.06231, -7.846037],\r\n				[112.055614, -7.843443]\r\n			]\r\n		]\r\n	},\r\n	"id": "8a2a331d-eb17-4c4d-9b8b-d9c535db2fbc"\r\n}'),
	(38, 3, 'Tempurejo', 1.864, -7.8428354, 112.0603746, '{\r\n	"type": "Feature",\r\n	"properties": {\r\n		"shape": "Polygon",\r\n		"name": "TEMPUREJO",\r\n		"display_name": "Kelurahan Tempurejo, Kec. Pesantren"\r\n	},\r\n	"geometry": {\r\n		"type": "Polygon",\r\n		"coordinates": [\r\n			[\r\n				[112.070245, -7.842508],\r\n				[112.068313, -7.841615],\r\n				[112.064793, -7.839957],\r\n				[112.058011, -7.837321],\r\n				[112.055915, -7.842465],\r\n				[112.055614, -7.843443],\r\n				[112.06231, -7.846037],\r\n				[112.063469, -7.847355],\r\n				[112.064805, -7.848168],\r\n				[112.06518, -7.84826],\r\n				[112.0661, -7.84852],\r\n				[112.06683, -7.84867],\r\n				[112.067758, -7.849045],\r\n				[112.067841, -7.848828],\r\n				[112.068184, -7.848186],\r\n				[112.06855, -7.847344],\r\n				[112.068202, -7.847046],\r\n				[112.068672, -7.845597],\r\n				[112.069534, -7.845167],\r\n				[112.070297, -7.845291],\r\n				[112.07164, -7.84582],\r\n				[112.072204, -7.846088],\r\n				[112.072209, -7.84625],\r\n				[112.072124, -7.846479],\r\n				[112.072116, -7.846665],\r\n				[112.07227, -7.84686],\r\n				[112.072814, -7.847011],\r\n				[112.073844, -7.847534],\r\n				[112.074542, -7.84793],\r\n				[112.074865, -7.848082],\r\n				[112.075865, -7.848499],\r\n				[112.076537, -7.84876],\r\n				[112.077031, -7.848988],\r\n				[112.07749, -7.849148],\r\n				[112.077586, -7.849167],\r\n				[112.077967, -7.848329],\r\n				[112.078067, -7.848039],\r\n				[112.078294, -7.847524],\r\n				[112.078495, -7.847121],\r\n				[112.078695, -7.84657],\r\n				[112.080036, -7.847011],\r\n				[112.080238, -7.846278],\r\n				[112.080395, -7.8458],\r\n				[112.080433, -7.845811],\r\n				[112.080845, -7.844093],\r\n				[112.080984, -7.844123],\r\n				[112.081389, -7.842675],\r\n				[112.080848, -7.842579],\r\n				[112.080662, -7.84258],\r\n				[112.080425, -7.842656],\r\n				[112.079259, -7.842194],\r\n				[112.079099, -7.842062],\r\n				[112.079187, -7.841735],\r\n				[112.078379, -7.841489],\r\n				[112.078388, -7.841454],\r\n				[112.078441, -7.841082],\r\n				[112.078325, -7.840888],\r\n				[112.078307, -7.840782],\r\n				[112.0783, -7.840467],\r\n				[112.078156, -7.840257],\r\n				[112.078022, -7.840136],\r\n				[112.077756, -7.840169],\r\n				[112.077534, -7.840093],\r\n				[112.077091, -7.840094],\r\n				[112.076846, -7.839851],\r\n				[112.076912, -7.839641],\r\n				[112.076457, -7.839454],\r\n				[112.076401, -7.839056],\r\n				[112.076455, -7.838736],\r\n				[112.075945, -7.838593],\r\n				[112.075867, -7.838538],\r\n				[112.07525, -7.838284],\r\n				[112.075677, -7.836978],\r\n				[112.07454, -7.836505],\r\n				[112.074172, -7.837357],\r\n				[112.073955, -7.837254],\r\n				[112.072687, -7.840234],\r\n				[112.072523, -7.84054],\r\n				[112.072789, -7.840681],\r\n				[112.072461, -7.841475],\r\n				[112.070826, -7.8405],\r\n				[112.070245, -7.842508]\r\n			]\r\n		]\r\n	},\r\n	"id": "3b7649c9-ca87-40d7-830d-1a5ef08e931c"\r\n}'),
	(39, 3, 'Ketami', 1.894, -7.838079, 112.0586436, '{\r\n	"type": "Feature",\r\n	"properties": {\r\n		"shape": "Polygon",\r\n		"name": "KETAMI",\r\n		"display_name": "Kelurahan Ketami, Kec. Pesantren"\r\n	},\r\n	"geometry": {\r\n		"type": "Polygon",\r\n		"coordinates": [\r\n			[\r\n				[112.055327, -7.834062],\r\n				[112.054578, -7.835791],\r\n				[112.058011, -7.837321],\r\n				[112.064793, -7.839957],\r\n				[112.068313, -7.841615],\r\n				[112.070245, -7.842508],\r\n				[112.070826, -7.8405],\r\n				[112.070999, -7.83749],\r\n				[112.069458, -7.836824],\r\n				[112.066978, -7.836182],\r\n				[112.062347, -7.835642],\r\n				[112.060677, -7.836919],\r\n				[112.057907, -7.836218],\r\n				[112.056404, -7.834267],\r\n				[112.055979, -7.833954],\r\n				[112.055967, -7.83399],\r\n				[112.055804, -7.834323],\r\n				[112.05565, -7.834219],\r\n				[112.055327, -7.834062]\r\n			]\r\n		]\r\n	},\r\n	"id": "b950cc01-0f5e-448d-a47b-6619f5ee47fd"\r\n}'),
	(40, 3, 'Pesantren', 1.356, -7.8468841, 112.0315204, '{\r\n	"type": "Feature",\r\n	"properties": {\r\n		"shape": "Polygon",\r\n		"name": "PESANTREN",\r\n		"display_name": "Kelurahan Pesantren, Kec. Pesantren"\r\n	},\r\n	"geometry": {\r\n		"type": "Polygon",\r\n		"coordinates": [\r\n			[\r\n				[112.055327, -7.834062],\r\n				[112.055007, -7.833866],\r\n				[112.054457, -7.833651],\r\n				[112.054195, -7.833509],\r\n				[112.054447, -7.832934],\r\n				[112.055206, -7.833008],\r\n				[112.055306, -7.832812],\r\n				[112.055089, -7.83272],\r\n				[112.055163, -7.832465],\r\n				[112.054772, -7.832272],\r\n				[112.052548, -7.831334],\r\n				[112.052996, -7.83021],\r\n				[112.05226, -7.829898],\r\n				[112.051362, -7.829619],\r\n				[112.05109, -7.830251],\r\n				[112.051145, -7.830525],\r\n				[112.051288, -7.830855],\r\n				[112.051116, -7.831682],\r\n				[112.050046, -7.831202],\r\n				[112.049686, -7.831831],\r\n				[112.049532, -7.831706],\r\n				[112.049409, -7.831321],\r\n				[112.049361, -7.831017],\r\n				[112.04936, -7.830773],\r\n				[112.049411, -7.830576],\r\n				[112.049165, -7.830221],\r\n				[112.049127, -7.830134],\r\n				[112.04902, -7.830046],\r\n				[112.047689, -7.833197],\r\n				[112.043783, -7.831646],\r\n				[112.042243, -7.835748],\r\n				[112.045774, -7.837151],\r\n				[112.046074, -7.837661],\r\n				[112.047791, -7.838257],\r\n				[112.047791, -7.838724],\r\n				[112.050238, -7.839362],\r\n				[112.05041, -7.839915],\r\n				[112.049878, -7.841488],\r\n				[112.050524, -7.842019],\r\n				[112.051855, -7.842083],\r\n				[112.053121, -7.842572],\r\n				[112.054538, -7.842954],\r\n				[112.055614, -7.843443],\r\n				[112.058011, -7.837321],\r\n				[112.054578, -7.835791],\r\n				[112.055327, -7.834062]\r\n			]\r\n		]\r\n	},\r\n	"id": "4e98a6e6-404d-4b29-8e3f-d5ba8e691da8"\r\n}'),
	(41, 3, 'Bangsal', 1.029, -7.8285488, 112.0345286, '{\r\n	"type": "Feature",\r\n	"properties": {\r\n		"shape": "Polygon",\r\n		"name": "BANGSAL",\r\n		"display_name": "Kelurahan Bangsal, Kec. Pesantren"\r\n	},\r\n	"geometry": {\r\n		"type": "Polygon",\r\n		"coordinates": [\r\n			[\r\n				[112.031667, -7.828095],\r\n				[112.034457, -7.828988],\r\n				[112.035745, -7.830094],\r\n				[112.043395, -7.832681],\r\n				[112.043783, -7.831646],\r\n				[112.047689, -7.833197],\r\n				[112.04902, -7.830046],\r\n				[112.048725, -7.829966],\r\n				[112.048173, -7.829718],\r\n				[112.046674, -7.829121],\r\n				[112.045743, -7.828797],\r\n				[112.045225, -7.828343],\r\n				[112.044338, -7.82787],\r\n				[112.042732, -7.827258],\r\n				[112.042631, -7.827755],\r\n				[112.040422, -7.826778],\r\n				[112.040593, -7.825545],\r\n				[112.039349, -7.824992],\r\n				[112.036387, -7.823929],\r\n				[112.034541, -7.823886],\r\n				[112.03218, -7.822951],\r\n				[112.031794, -7.824142],\r\n				[112.030893, -7.824099],\r\n				[112.030635, -7.825119],\r\n				[112.029691, -7.824779],\r\n				[112.029562, -7.825587],\r\n				[112.030034, -7.825842],\r\n				[112.031708, -7.826905],\r\n				[112.031667, -7.828095]\r\n			]\r\n		]\r\n	},\r\n	"id": "622bf295-cbfd-4fed-a352-c2a97f474a06"\r\n}'),
	(42, 3, 'Burengan', 1.283, -7.823018, 112.0298127, '[{\r\n	"type": "Feature",\r\n	"properties": {\r\n		"shape": "Polygon",\r\n		"name": "BURENGAN",\r\n		"display_name": "Kelurahan Burengan, Kec. Pesantren"\r\n	},\r\n	"geometry": {\r\n		"type": "Polygon",\r\n		"coordinates": [\r\n			[\r\n				[112.029562, -7.825587],\r\n				[112.029691, -7.824779],\r\n				[112.030635, -7.825119],\r\n				[112.030893, -7.824099],\r\n				[112.031794, -7.824142],\r\n				[112.03218, -7.822951],\r\n				[112.034541, -7.823886],\r\n				[112.036387, -7.823929],\r\n				[112.039349, -7.824992],\r\n				[112.040593, -7.825545],\r\n				[112.040422, -7.826778],\r\n				[112.042631, -7.827755],\r\n				[112.042732, -7.827258],\r\n				[112.043318, -7.825878],\r\n				[112.043318, -7.825609],\r\n				[112.043053, -7.825133],\r\n				[112.043492, -7.823738],\r\n				[112.043381, -7.823463],\r\n				[112.043348, -7.823429],\r\n				[112.043288, -7.823261],\r\n				[112.043183, -7.823142],\r\n				[112.043053, -7.823065],\r\n				[112.04285, -7.822977],\r\n				[112.042564, -7.822879],\r\n				[112.042247, -7.822714],\r\n				[112.041869, -7.822515],\r\n				[112.041672, -7.822449],\r\n				[112.041458, -7.822366],\r\n				[112.041261, -7.822367],\r\n				[112.041074, -7.822341],\r\n				[112.040964, -7.822269],\r\n				[112.040834, -7.82215],\r\n				[112.040704, -7.82201],\r\n				[112.040535, -7.821951],\r\n				[112.040353, -7.821869],\r\n				[112.040129, -7.821688],\r\n				[112.03977, -7.821476],\r\n				[112.039415, -7.821213],\r\n				[112.039254, -7.821115],\r\n				[112.039103, -7.821011],\r\n				[112.038978, -7.820846],\r\n				[112.038879, -7.820747],\r\n				[112.038732, -7.820714],\r\n				[112.038271, -7.820279],\r\n				[112.038028, -7.820165],\r\n				[112.037629, -7.820166],\r\n				[112.037132, -7.82021],\r\n				[112.036317, -7.820041],\r\n				[112.035638, -7.819823],\r\n				[112.035042, -7.819573],\r\n				[112.034509, -7.819337],\r\n				[112.033968, -7.819123],\r\n				[112.033294, -7.818812],\r\n				[112.032549, -7.820188],\r\n				[112.032227, -7.820336],\r\n				[112.029094, -7.819125],\r\n				[112.028042, -7.821994],\r\n				[112.027076, -7.821803],\r\n				[112.026797, -7.822696],\r\n				[112.026111, -7.822675],\r\n				[112.025703, -7.823759],\r\n				[112.025357, -7.824567],\r\n				[112.029562, -7.825587]\r\n			]\r\n		]\r\n	},\r\n	"id": "1be5f5a2-a5d4-46ac-a674-9be909b95ae0"\r\n},\r\n{\r\n	"type": "Feature",\r\n	"properties": {\r\n		"shape": "Polygon",\r\n		"name": "Burengan",\r\n		"display_name": "Kelurahan Burengan, Kec. Pesantren"\r\n	},\r\n	"geometry": {\r\n		"type": "Polygon",\r\n		"coordinates": [\r\n			[\r\n				[112.017273, -7.82892],\r\n				[112.019476, -7.829073],\r\n				[112.021109, -7.82905],\r\n				[112.021496, -7.824269],\r\n				[112.023385, -7.824737],\r\n				[112.023855, -7.823299],\r\n				[112.022033, -7.822845],\r\n				[112.020981, -7.822526],\r\n				[112.020165, -7.822441],\r\n				[112.020037, -7.824269],\r\n				[112.018211, -7.823825],\r\n				[112.017553, -7.827755],\r\n				[112.017273, -7.82892]\r\n			]\r\n		]\r\n	},\r\n	"id": "28650f69-15ec-46d4-bcfc-8de9890fd68a"\r\n}\r\n]'),
	(43, 3, 'Tinalan', 0.926, -7.8405127, 112.0215983, '[{\r\n	"type": "Feature",\r\n	"properties": {\r\n		"shape": "Polygon",\r\n		"name": "TINALAN",\r\n		"display_name": "Kelurahan Tinalan, Kec. Pesantren"\r\n	},\r\n	"geometry": {\r\n		"type": "Polygon",\r\n		"coordinates": [\r\n			[\r\n				[112.048249, -7.846398],\r\n				[112.046712, -7.845441],\r\n				[112.045596, -7.846462],\r\n				[112.044917, -7.84982],\r\n				[112.046291, -7.850713],\r\n				[112.046076, -7.852541],\r\n				[112.046935, -7.854199],\r\n				[112.05086, -7.855602],\r\n				[112.053178, -7.84999],\r\n				[112.050224, -7.848715],\r\n				[112.047885, -7.847525],\r\n				[112.048249, -7.846398]\r\n			]\r\n		]\r\n	},\r\n	"id": "9c3ae29a-68a5-492a-a228-5a6e4ab79ef4"\r\n},\r\n{\r\n        "type": "Feature",\r\n        "properties": {\r\n            "shape": "Polygon",\r\n            "name": "TINALAN I",\r\n            "display_name": "Kelurahan TInalan, Kec. Pesantren"\r\n        },\r\n        "geometry": {\r\n            "type": "Polygon",\r\n            "coordinates": [\r\n                [\r\n                    [112.025357, -7.824567],\r\n                    [112.024715, -7.82546],\r\n                    [112.024456, -7.828988],\r\n                    [112.03128, -7.830476],\r\n                    [112.031667, -7.828095],\r\n                    [112.031708, -7.826905],\r\n                    [112.029562, -7.825587],\r\n                    [112.025357, -7.824567]\r\n                ]\r\n            ]\r\n        },\r\n        "id": "c5dad820-19a1-4128-ab17-38974585a60e"\r\n    }]'),
	(44, 3, 'Pakunden', 1.024, -7.8381259, 112.0229733, '{\r\n	"type": "Feature",\r\n	"properties": {\r\n		"shape": "Polygon",\r\n		"name": "PAKUNDEN",\r\n		"display_name": "Kelurahan Pakunden, Kec. Pesantren"\r\n	},\r\n	"geometry": {\r\n		"type": "Polygon",\r\n		"coordinates": [\r\n			[\r\n				[112.038236, -7.838852],\r\n				[112.034888, -7.838001],\r\n				[112.032741, -7.837279],\r\n				[112.032613, -7.838852],\r\n				[112.031368, -7.839319],\r\n				[112.030767, -7.841615],\r\n				[112.030561, -7.844761],\r\n				[112.030561, -7.846079],\r\n				[112.034467, -7.847695],\r\n				[112.034959, -7.847014],\r\n				[112.035517, -7.847312],\r\n				[112.036848, -7.844336],\r\n				[112.037363, -7.844464],\r\n				[112.038179, -7.841998],\r\n				[112.037335, -7.841573],\r\n				[112.038236, -7.838852]\r\n			]\r\n		]\r\n	},\r\n	"id": "77f96003-a95f-4fbe-a53b-98bcd1910c32"\r\n}'),
	(45, 3, 'Singonegaran', 0.99, -7.8331075, 112.0165802, '[{\r\n	"type": "Feature",\r\n	"properties": {\r\n		"shape": "Polygon",\r\n		"name": "SINGONEGARAN",\r\n		"display_name": "Kelurahan Singonegaran, Kec. Pesantren"\r\n	},\r\n	"geometry": {\r\n		"type": "Polygon",\r\n		"coordinates": [\r\n			[\r\n				[112.032741, -7.837279],\r\n				[112.030853, -7.836386],\r\n				[112.027977, -7.835493],\r\n				[112.027118, -7.835706],\r\n				[112.02523, -7.836003],\r\n				[112.023513, -7.836088],\r\n				[112.022053, -7.835748],\r\n				[112.021203, -7.835493],\r\n				[112.020816, -7.836046],\r\n				[112.019228, -7.835791],\r\n				[112.018499, -7.836513],\r\n				[112.017382, -7.836556],\r\n				[112.016953, -7.837874],\r\n				[112.018585, -7.838724],\r\n				[112.021676, -7.839702],\r\n				[112.021461, -7.841105],\r\n				[112.025281, -7.84238],\r\n				[112.029273, -7.843443],\r\n				[112.029617, -7.844209],\r\n				[112.030561, -7.844761],\r\n				[112.030767, -7.841615],\r\n				[112.031368, -7.839319],\r\n				[112.032613, -7.838852],\r\n				[112.032741, -7.837279]\r\n			]\r\n		]\r\n	},\r\n	"id": "ba100105-1e6f-4cc3-bdff-b14193b9ef12"\r\n},\r\n{\r\n        "type": "Feature",\r\n        "properties": {\r\n            "shape": "Polygon",\r\n            "name": "SINGONEGARAN",\r\n            "display_name": "Kelurahan Singonegaran, Kec. Pesantren"\r\n        },\r\n        "geometry": {\r\n            "type": "Polygon",\r\n            "coordinates": [\r\n                [\r\n                    [112.025703, -7.823759],\r\n                    [112.023855, -7.823299],\r\n                    [112.023385, -7.824737],\r\n                    [112.021496, -7.824269],\r\n                    [112.021109, -7.82905],\r\n                    [112.024456, -7.828988],\r\n                    [112.024715, -7.82546],\r\n                    [112.025357, -7.824567],\r\n                    [112.025703, -7.823759]\r\n                ]\r\n            ]\r\n        },\r\n        "id": "de497bbd-9cb3-4932-a8be-4f553090810e"\r\n    }\r\n]'),
	(46, 3, 'Jamsaren', 1.471, -7.8337409, 112.0259812, '[{\r\n	"type": "Feature",\r\n	"properties": {\r\n		"shape": "Polygon",\r\n		"name": "JAMSAREN",\r\n		"display_name": "Kelurahan Jamsaren, Kec. Pesantren"\r\n	},\r\n	"geometry": {\r\n		"type": "Polygon",\r\n		"coordinates": [\r\n			[\r\n				[112.042243, -7.835748],\r\n				[112.041198, -7.835918],\r\n				[112.040168, -7.839064],\r\n				[112.038794, -7.838894],\r\n				[112.038236, -7.838852],\r\n				[112.037335, -7.841573],\r\n				[112.038179, -7.841998],\r\n				[112.039295, -7.841998],\r\n				[112.04054, -7.842678],\r\n				[112.040969, -7.843528],\r\n				[112.044574, -7.845059],\r\n				[112.045596, -7.846462],\r\n				[112.046712, -7.845441],\r\n				[112.048249, -7.846398],\r\n				[112.048915, -7.846313],\r\n				[112.050417, -7.842976],\r\n				[112.050524, -7.842019],\r\n				[112.049878, -7.841488],\r\n				[112.05041, -7.839915],\r\n				[112.050238, -7.839362],\r\n				[112.047791, -7.838724],\r\n				[112.047791, -7.838257],\r\n				[112.046074, -7.837661],\r\n				[112.045774, -7.837151],\r\n				[112.042243, -7.835748]\r\n			]\r\n		]\r\n	},\r\n	"id": "610a12c0-20ab-4aa6-9b2f-6b2519bde327"\r\n},\r\n{\r\n	"type": "Feature",\r\n	"properties": {\r\n		"shape": "Polygon",\r\n		"name": "JAMSAREN",\r\n		"display_name": "Kelurahan Jamsaren, Kec. Pesantren"\r\n	},\r\n	"geometry": {\r\n		"type": "Polygon",\r\n		"coordinates": [\r\n			[\r\n				[112.018211, -7.823825],\r\n				[112.020037, -7.824269],\r\n				[112.020165, -7.822441],\r\n				[112.020981, -7.822526],\r\n				[112.022033, -7.822845],\r\n				[112.02199, -7.820995],\r\n				[112.019114, -7.820336],\r\n				[112.018493, -7.822143],\r\n				[112.018211, -7.823825]\r\n			]\r\n		]\r\n	},\r\n	"id": "da85a9a4-1ac2-413e-8121-5afade0b5c76"\r\n}]');
/*!40000 ALTER TABLE `m_kelurahan` ENABLE KEYS */;

-- Dumping structure for table db_fm.pemetaan_bencana
CREATE TABLE IF NOT EXISTS `pemetaan_bencana` (
  `id` int(11) NOT NULL AUTO_INCREMENT,
  `year` varchar(4) COLLATE utf8mb4_unicode_ci NOT NULL DEFAULT '0',
  `kelurahan_id` int(11) NOT NULL DEFAULT '0',
  `created_at` timestamp NULL DEFAULT NULL,
  `updated_at` timestamp NULL DEFAULT NULL,
  PRIMARY KEY (`id`)
) ENGINE=InnoDB AUTO_INCREMENT=47 DEFAULT CHARSET=utf8mb4 COLLATE=utf8mb4_unicode_ci;

-- Dumping data for table db_fm.pemetaan_bencana: ~46 rows (approximately)
DELETE FROM `pemetaan_bencana`;
/*!40000 ALTER TABLE `pemetaan_bencana` DISABLE KEYS */;
INSERT INTO `pemetaan_bencana` (`id`, `year`, `kelurahan_id`, `created_at`, `updated_at`) VALUES
	(1, '2020', 1, '2022-06-21 09:07:37', NULL),
	(2, '2020', 2, '2022-06-21 09:07:37', NULL),
	(3, '2020', 3, '2022-06-21 09:07:37', NULL),
	(4, '2020', 4, '2022-06-21 09:07:37', NULL),
	(5, '2020', 5, '2022-06-21 09:07:37', NULL),
	(6, '2020', 6, '2022-06-21 09:07:37', NULL),
	(7, '2020', 7, '2022-06-21 09:07:37', NULL),
	(8, '2020', 8, '2022-06-21 09:07:37', NULL),
	(9, '2020', 9, '2022-06-21 09:07:37', NULL),
	(10, '2020', 10, '2022-06-21 09:07:37', NULL),
	(11, '2020', 11, '2022-06-21 09:07:37', NULL),
	(12, '2020', 12, '2022-06-21 09:07:37', NULL),
	(13, '2020', 13, '2022-06-21 09:07:37', NULL),
	(14, '2020', 14, '2022-06-21 09:07:37', NULL),
	(15, '2020', 15, '2022-06-21 09:07:37', NULL),
	(16, '2020', 16, '2022-06-21 09:07:37', NULL),
	(17, '2020', 17, '2022-06-21 09:07:37', NULL),
	(18, '2020', 18, '2022-06-21 09:07:37', NULL),
	(19, '2020', 19, '2022-06-21 09:07:37', NULL),
	(20, '2020', 20, '2022-06-21 09:07:37', NULL),
	(21, '2020', 21, '2022-06-21 09:07:37', NULL),
	(22, '2020', 22, '2022-06-21 09:07:37', NULL),
	(23, '2020', 23, '2022-06-21 09:07:37', NULL),
	(24, '2020', 24, '2022-06-21 09:07:37', NULL),
	(25, '2020', 25, '2022-06-21 09:07:37', NULL),
	(26, '2020', 26, '2022-06-21 09:07:37', NULL),
	(27, '2020', 27, '2022-06-21 09:07:37', NULL),
	(28, '2020', 28, '2022-06-21 09:07:37', NULL),
	(29, '2020', 29, '2022-06-21 09:07:37', NULL),
	(30, '2020', 30, '2022-06-21 09:07:37', NULL),
	(31, '2020', 31, '2022-06-21 09:07:37', NULL),
	(32, '2020', 32, '2022-06-21 09:07:37', NULL),
	(33, '2020', 33, '2022-06-21 09:07:37', NULL),
	(34, '2020', 34, '2022-06-21 09:07:37', NULL),
	(35, '2020', 35, '2022-06-21 09:07:37', NULL),
	(36, '2020', 36, '2022-06-21 09:07:37', NULL),
	(37, '2020', 37, '2022-06-21 09:07:37', NULL),
	(38, '2020', 38, '2022-06-21 09:07:37', NULL),
	(39, '2020', 39, '2022-06-21 09:07:37', NULL),
	(40, '2020', 40, '2022-06-21 09:07:37', NULL),
	(41, '2020', 41, '2022-06-21 09:07:37', NULL),
	(42, '2020', 42, '2022-06-21 09:07:37', NULL),
	(43, '2020', 43, '2022-06-21 09:07:37', NULL),
	(44, '2020', 44, '2022-06-21 09:07:38', NULL),
	(45, '2020', 45, '2022-06-21 09:07:38', NULL),
	(46, '2020', 46, '2022-06-21 09:07:38', NULL);
/*!40000 ALTER TABLE `pemetaan_bencana` ENABLE KEYS */;

-- Dumping structure for table db_fm.pemetaan_bencana_detail
CREATE TABLE IF NOT EXISTS `pemetaan_bencana_detail` (
  `id` int(11) NOT NULL AUTO_INCREMENT,
  `pemetaan_id` int(11) DEFAULT NULL,
  `bencana_id` int(11) DEFAULT NULL,
  `bencana` float NOT NULL DEFAULT '0',
  `populasi` float NOT NULL DEFAULT '0',
  `bangunan` float NOT NULL DEFAULT '0',
  `faskes` float NOT NULL DEFAULT '0',
  `created_at` timestamp NULL DEFAULT NULL,
  `updated_at` timestamp NULL DEFAULT NULL,
  PRIMARY KEY (`id`),
  KEY `pemetaan_id` (`pemetaan_id`)
) ENGINE=InnoDB AUTO_INCREMENT=231 DEFAULT CHARSET=utf8mb4 COLLATE=utf8mb4_unicode_ci;

-- Dumping data for table db_fm.pemetaan_bencana_detail: ~230 rows (approximately)
DELETE FROM `pemetaan_bencana_detail`;
/*!40000 ALTER TABLE `pemetaan_bencana_detail` DISABLE KEYS */;
INSERT INTO `pemetaan_bencana_detail` (`id`, `pemetaan_id`, `bencana_id`, `bencana`, `populasi`, `bangunan`, `faskes`, `created_at`, `updated_at`) VALUES
	(1, 1, 1, 1, 7894, 68.2, 68.2, '2022-06-21 09:07:37', NULL),
	(2, 1, 2, 1, 10487, 44.4, 44.4, '2022-06-21 09:07:37', NULL),
	(3, 1, 3, 1, 2097, 358.2, 358.2, '2022-06-21 09:07:37', NULL),
	(4, 1, 4, 1, 2382, 0, 0, '2022-06-21 09:07:37', NULL),
	(5, 1, 5, 1, 1653, 27, 27, '2022-06-21 09:07:37', NULL),
	(6, 2, 1, 1, 4771, 68.2, 68.2, '2022-06-21 09:07:37', NULL),
	(7, 2, 2, 1, 4875, 44.4, 44.4, '2022-06-21 09:07:37', NULL),
	(8, 2, 3, 1, 3021, 358.2, 358.2, '2022-06-21 09:07:37', NULL),
	(9, 2, 4, 0, 0, 0, 0, '2022-06-21 09:07:37', NULL),
	(10, 2, 5, 0, 0, 0, 0, '2022-06-21 09:07:37', NULL),
	(11, 3, 1, 1, 3574, 68.2, 68.2, '2022-06-21 09:07:37', NULL),
	(12, 3, 2, 1, 3473, 44.4, 44.4, '2022-06-21 09:07:37', NULL),
	(13, 3, 3, 1, 4363, 358.2, 358.2, '2022-06-21 09:07:37', NULL),
	(14, 3, 4, 0, 0, 0, 0, '2022-06-21 09:07:37', NULL),
	(15, 3, 5, 0, 0, 0, 0, '2022-06-21 09:07:37', NULL),
	(16, 4, 1, 1, 4834, 68.2, 68.2, '2022-06-21 09:07:37', NULL),
	(17, 4, 2, 1, 5201, 44.4, 44.4, '2022-06-21 09:07:37', NULL),
	(18, 4, 3, 1, 3562, 358.2, 358.2, '2022-06-21 09:07:37', NULL),
	(19, 4, 4, 0, 0, 0, 0, '2022-06-21 09:07:37', NULL),
	(20, 4, 5, 0, 0, 0, 0, '2022-06-21 09:07:37', NULL),
	(21, 5, 1, 1, 10082, 68.2, 68.2, '2022-06-21 09:07:37', NULL),
	(22, 5, 2, 1, 9998, 44.4, 44.4, '2022-06-21 09:07:37', NULL),
	(23, 5, 3, 1, 4046, 358.2, 358.2, '2022-06-21 09:07:37', NULL),
	(24, 5, 4, 0, 0, 0, 0, '2022-06-21 09:07:37', NULL),
	(25, 5, 5, 0, 0, 0, 0, '2022-06-21 09:07:37', NULL),
	(26, 6, 1, 1, 14269, 68.2, 68.2, '2022-06-21 09:07:37', NULL),
	(27, 6, 2, 1, 14177, 44.4, 44.4, '2022-06-21 09:07:37', NULL),
	(28, 6, 3, 1, 14793, 358.2, 358.2, '2022-06-21 09:07:37', NULL),
	(29, 6, 4, 0, 0, 0, 0, '2022-06-21 09:07:37', NULL),
	(30, 6, 5, 0, 0, 0, 0, '2022-06-21 09:07:37', NULL),
	(31, 7, 1, 1, 18446, 68.2, 68.2, '2022-06-21 09:07:37', NULL),
	(32, 7, 2, 1, 13811, 44.4, 44.4, '2022-06-21 09:07:37', NULL),
	(33, 7, 3, 1, 8348, 358.2, 358.2, '2022-06-21 09:07:37', NULL),
	(34, 7, 4, 0, 0, 0, 0, '2022-06-21 09:07:37', NULL),
	(35, 7, 5, 0, 0, 0, 0, '2022-06-21 09:07:37', NULL),
	(36, 8, 1, 1, 15074, 68.2, 68.2, '2022-06-21 09:07:37', NULL),
	(37, 8, 2, 1, 14793, 44.4, 44.4, '2022-06-21 09:07:37', NULL),
	(38, 8, 3, 1, 5903, 358.2, 358.2, '2022-06-21 09:07:37', NULL),
	(39, 8, 4, 0, 0, 0, 0, '2022-06-21 09:07:37', NULL),
	(40, 8, 5, 0, 0, 0, 0, '2022-06-21 09:07:37', NULL),
	(41, 9, 1, 1, 4385, 68.2, 68.2, '2022-06-21 09:07:37', NULL),
	(42, 9, 2, 1, 5137, 44.4, 44.4, '2022-06-21 09:07:37', NULL),
	(43, 9, 3, 1, 9850, 358.2, 358.2, '2022-06-21 09:07:37', NULL),
	(44, 9, 4, 1, 303, 0, 0, '2022-06-21 09:07:37', NULL),
	(45, 9, 5, 1, 83, 27, 27, '2022-06-21 09:07:37', NULL),
	(46, 10, 1, 1, 6762, 68.2, 68.2, '2022-06-21 09:07:37', NULL),
	(47, 10, 2, 1, 6627, 44.4, 44.4, '2022-06-21 09:07:37', NULL),
	(48, 10, 3, 1, 1182, 358.2, 358.2, '2022-06-21 09:07:37', NULL),
	(49, 10, 4, 0, 0, 0, 0, '2022-06-21 09:07:37', NULL),
	(50, 10, 5, 0, 0, 0, 0, '2022-06-21 09:07:37', NULL),
	(51, 11, 1, 1, 4568, 68.2, 68.2, '2022-06-21 09:07:37', NULL),
	(52, 11, 2, 1, 4587, 44.4, 44.4, '2022-06-21 09:07:37', NULL),
	(53, 11, 3, 1, 4587, 358.2, 358.2, '2022-06-21 09:07:37', NULL),
	(54, 11, 4, 0, 0, 0, 0, '2022-06-21 09:07:37', NULL),
	(55, 11, 5, 0, 0, 0, 0, '2022-06-21 09:07:37', NULL),
	(56, 12, 1, 1, 6728, 68.2, 68.2, '2022-06-21 09:07:37', NULL),
	(57, 12, 2, 1, 4249, 44.4, 44.4, '2022-06-21 09:07:37', NULL),
	(58, 12, 3, 1, 3235, 358.2, 358.2, '2022-06-21 09:07:37', NULL),
	(59, 12, 4, 0, 0, 0, 0, '2022-06-21 09:07:37', NULL),
	(60, 12, 5, 0, 0, 0, 0, '2022-06-21 09:07:37', NULL),
	(61, 13, 1, 1, 6652, 68.2, 68.2, '2022-06-21 09:07:37', NULL),
	(62, 13, 2, 1, 6697, 44.4, 44.4, '2022-06-21 09:07:37', NULL),
	(63, 13, 3, 1, 8687, 358.2, 358.2, '2022-06-21 09:07:37', NULL),
	(64, 13, 4, 0, 0, 0, 0, '2022-06-21 09:07:37', NULL),
	(65, 13, 5, 0, 0, 0, 0, '2022-06-21 09:07:37', NULL),
	(66, 14, 1, 1, 6990, 68.2, 68.2, '2022-06-21 09:07:37', NULL),
	(67, 14, 2, 1, 5030, 44.4, 44.4, '2022-06-21 09:07:37', NULL),
	(68, 14, 3, 1, 16516, 358.2, 358.2, '2022-06-21 09:07:37', NULL),
	(69, 14, 4, 0, 0, 0, 0, '2022-06-21 09:07:37', NULL),
	(70, 14, 5, 0, 0, 0, 0, '2022-06-21 09:07:37', NULL),
	(71, 15, 1, 1, 3361, 68.2, 68.2, '2022-06-21 09:07:37', NULL),
	(72, 15, 2, 1, 3235, 44.4, 44.4, '2022-06-21 09:07:37', NULL),
	(73, 15, 3, 1, 5383, 358.2, 358.2, '2022-06-21 09:07:37', NULL),
	(74, 15, 4, 0, 0, 0, 0, '2022-06-21 09:07:37', NULL),
	(75, 15, 5, 0, 0, 0, 0, '2022-06-21 09:07:37', NULL),
	(76, 16, 1, 1, 9540, 68.2, 68.2, '2022-06-21 09:07:37', NULL),
	(77, 16, 2, 1, 9366, 44.4, 44.4, '2022-06-21 09:07:37', NULL),
	(78, 16, 3, 1, 4875, 358.2, 358.2, '2022-06-21 09:07:37', NULL),
	(79, 16, 4, 0, 0, 0, 0, '2022-06-21 09:07:37', NULL),
	(80, 16, 5, 0, 0, 0, 0, '2022-06-21 09:07:37', NULL),
	(81, 17, 1, 1, 9861, 68.2, 68.2, '2022-06-21 09:07:37', NULL),
	(82, 17, 2, 1, 9850, 44.4, 44.4, '2022-06-21 09:07:37', NULL),
	(83, 17, 3, 1, 4373, 358.2, 358.2, '2022-06-21 09:07:37', NULL),
	(84, 17, 4, 0, 0, 0, 0, '2022-06-21 09:07:37', NULL),
	(85, 17, 5, 0, 0, 0, 0, '2022-06-21 09:07:37', NULL),
	(86, 18, 1, 1, 7471, 68.2, 68.2, '2022-06-21 09:07:37', NULL),
	(87, 18, 2, 1, 7553, 44.4, 44.4, '2022-06-21 09:07:37', NULL),
	(88, 18, 3, 1, 6029, 358.2, 358.2, '2022-06-21 09:07:37', NULL),
	(89, 18, 4, 0, 0, 0, 0, '2022-06-21 09:07:37', NULL),
	(90, 18, 5, 0, 0, 0, 0, '2022-06-21 09:07:37', NULL),
	(91, 19, 1, 1, 3694, 68.2, 68.2, '2022-06-21 09:07:37', NULL),
	(92, 19, 2, 1, 3562, 44.4, 44.4, '2022-06-21 09:07:37', NULL),
	(93, 19, 3, 1, 9097, 358.2, 358.2, '2022-06-21 09:07:37', NULL),
	(94, 19, 4, 0, 0, 0, 0, '2022-06-21 09:07:37', NULL),
	(95, 19, 5, 0, 0, 0, 0, '2022-06-21 09:07:37', NULL),
	(96, 20, 1, 1, 7270, 68.2, 68.2, '2022-06-21 09:07:37', NULL),
	(97, 20, 2, 1, 5368, 44.4, 44.4, '2022-06-21 09:07:37', NULL),
	(98, 20, 3, 1, 4271, 358.2, 358.2, '2022-06-21 09:07:37', NULL),
	(99, 20, 4, 0, 0, 0, 0, '2022-06-21 09:07:37', NULL),
	(100, 20, 5, 0, 0, 0, 0, '2022-06-21 09:07:37', NULL),
	(101, 21, 1, 1, 1863, 68.2, 68.2, '2022-06-21 09:07:37', NULL),
	(102, 21, 2, 1, 1751, 44.4, 44.4, '2022-06-21 09:07:37', NULL),
	(103, 21, 3, 1, 6162, 358.2, 358.2, '2022-06-21 09:07:37', NULL),
	(104, 21, 4, 0, 0, 0, 0, '2022-06-21 09:07:37', NULL),
	(105, 21, 5, 0, 0, 0, 0, '2022-06-21 09:07:37', NULL),
	(106, 22, 1, 1, 4379, 68.2, 68.2, '2022-06-21 09:07:37', NULL),
	(107, 22, 2, 1, 4363, 44.4, 44.4, '2022-06-21 09:07:37', NULL),
	(108, 22, 3, 1, 7811, 358.2, 358.2, '2022-06-21 09:07:37', NULL),
	(109, 22, 4, 0, 0, 0, 0, '2022-06-21 09:07:37', NULL),
	(110, 22, 5, 0, 0, 0, 0, '2022-06-21 09:07:37', NULL),
	(111, 23, 1, 1, 785, 68.2, 68.2, '2022-06-21 09:07:37', NULL),
	(112, 23, 2, 1, 777, 44.4, 44.4, '2022-06-21 09:07:37', NULL),
	(113, 23, 3, 1, 4249, 358.2, 358.2, '2022-06-21 09:07:37', NULL),
	(114, 23, 4, 0, 0, 0, 0, '2022-06-21 09:07:37', NULL),
	(115, 23, 5, 0, 0, 0, 0, '2022-06-21 09:07:37', NULL),
	(116, 24, 1, 1, 1180, 68.2, 68.2, '2022-06-21 09:07:37', NULL),
	(117, 24, 2, 1, 1182, 44.4, 44.4, '2022-06-21 09:07:37', NULL),
	(118, 24, 3, 1, 6252, 358.2, 358.2, '2022-06-21 09:07:37', NULL),
	(119, 24, 4, 0, 0, 0, 0, '2022-06-21 09:07:37', NULL),
	(120, 24, 5, 0, 0, 0, 0, '2022-06-21 09:07:37', NULL),
	(121, 25, 1, 1, 1197, 68.2, 68.2, '2022-06-21 09:07:37', NULL),
	(122, 25, 2, 1, 2275, 44.4, 44.4, '2022-06-21 09:07:37', NULL),
	(123, 25, 3, 1, 15668, 358.2, 358.2, '2022-06-21 09:07:37', NULL),
	(124, 25, 4, 0, 0, 0, 0, '2022-06-21 09:07:37', NULL),
	(125, 25, 5, 0, 0, 0, 0, '2022-06-21 09:07:37', NULL),
	(126, 26, 1, 1, 9260, 68.2, 68.2, '2022-06-21 09:07:37', NULL),
	(127, 26, 2, 1, 8673, 44.4, 44.4, '2022-06-21 09:07:37', NULL),
	(128, 26, 3, 1, 3910, 358.2, 358.2, '2022-06-21 09:07:37', NULL),
	(129, 26, 4, 0, 0, 0, 0, '2022-06-21 09:07:37', NULL),
	(130, 26, 5, 0, 0, 0, 0, '2022-06-21 09:07:37', NULL),
	(131, 27, 1, 1, 8812, 68.2, 68.2, '2022-06-21 09:07:37', NULL),
	(132, 27, 2, 1, 8687, 44.4, 44.4, '2022-06-21 09:07:37', NULL),
	(133, 27, 3, 1, 7155, 358.2, 358.2, '2022-06-21 09:07:37', NULL),
	(134, 27, 4, 0, 0, 0, 0, '2022-06-21 09:07:37', NULL),
	(135, 27, 5, 0, 0, 0, 0, '2022-06-21 09:07:37', NULL),
	(136, 28, 1, 1, 6751, 68.2, 68.2, '2022-06-21 09:07:37', NULL),
	(137, 28, 2, 1, 6703, 44.4, 44.4, '2022-06-21 09:07:37', NULL),
	(138, 28, 3, 1, 9998, 358.2, 358.2, '2022-06-21 09:07:37', NULL),
	(139, 28, 4, 0, 0, 0, 0, '2022-06-21 09:07:37', NULL),
	(140, 28, 5, 0, 0, 0, 0, '2022-06-21 09:07:37', NULL),
	(141, 29, 1, 1, 6530, 68.2, 68.2, '2022-06-21 09:07:37', NULL),
	(142, 29, 2, 1, 6603, 44.4, 44.4, '2022-06-21 09:07:37', NULL),
	(143, 29, 3, 1, 6446, 358.2, 358.2, '2022-06-21 09:07:37', NULL),
	(144, 29, 4, 0, 0, 0, 0, '2022-06-21 09:07:37', NULL),
	(145, 29, 5, 0, 0, 0, 0, '2022-06-21 09:07:37', NULL),
	(146, 30, 1, 1, 1475, 68.2, 68.2, '2022-06-21 09:07:37', NULL),
	(147, 30, 2, 1, 1483, 44.4, 44.4, '2022-06-21 09:07:37', NULL),
	(148, 30, 3, 1, 5094, 358.2, 358.2, '2022-06-21 09:07:37', NULL),
	(149, 30, 4, 0, 0, 0, 0, '2022-06-21 09:07:37', NULL),
	(150, 30, 5, 0, 0, 0, 0, '2022-06-21 09:07:37', NULL),
	(151, 31, 1, 1, 7160, 68.2, 68.2, '2022-06-21 09:07:37', NULL),
	(152, 31, 2, 1, 6904, 44.4, 44.4, '2022-06-21 09:07:37', NULL),
	(153, 31, 3, 1, 6346, 358.2, 358.2, '2022-06-21 09:07:37', NULL),
	(154, 31, 4, 0, 0, 0, 0, '2022-06-21 09:07:37', NULL),
	(155, 31, 5, 0, 0, 0, 0, '2022-06-21 09:07:37', NULL),
	(156, 32, 1, 1, 5510, 68.2, 68.2, '2022-06-21 09:07:37', NULL),
	(157, 32, 2, 1, 5773, 44.4, 44.4, '2022-06-21 09:07:37', NULL),
	(158, 32, 3, 1, 7889, 358.2, 358.2, '2022-06-21 09:07:37', NULL),
	(159, 32, 4, 0, 0, 0, 0, '2022-06-21 09:07:37', NULL),
	(160, 32, 5, 0, 0, 0, 0, '2022-06-21 09:07:37', NULL),
	(161, 33, 1, 1, 5530, 68.2, 68.2, '2022-06-21 09:07:37', NULL),
	(162, 33, 2, 1, 5383, 44.4, 44.4, '2022-06-21 09:07:37', NULL),
	(163, 33, 3, 1, 1483, 358.2, 358.2, '2022-06-21 09:07:37', NULL),
	(164, 33, 4, 0, 0, 0, 0, '2022-06-21 09:07:37', NULL),
	(165, 33, 5, 0, 0, 0, 0, '2022-06-21 09:07:37', NULL),
	(166, 34, 1, 1, 5296, 68.2, 68.2, '2022-06-21 09:07:37', NULL),
	(167, 34, 2, 1, 5266, 44.4, 44.4, '2022-06-21 09:07:37', NULL),
	(168, 34, 3, 1, 11063, 358.2, 358.2, '2022-06-21 09:07:37', NULL),
	(169, 34, 4, 0, 0, 0, 0, '2022-06-21 09:07:37', NULL),
	(170, 34, 5, 0, 0, 0, 0, '2022-06-21 09:07:37', NULL),
	(171, 35, 1, 1, 8641, 68.2, 68.2, '2022-06-21 09:07:37', NULL),
	(172, 35, 2, 1, 8642, 44.4, 44.4, '2022-06-21 09:07:37', NULL),
	(173, 35, 3, 1, 8642, 358.2, 358.2, '2022-06-21 09:07:37', NULL),
	(174, 35, 4, 0, 0, 0, 0, '2022-06-21 09:07:37', NULL),
	(175, 35, 5, 0, 0, 0, 0, '2022-06-21 09:07:37', NULL),
	(176, 36, 1, 1, 3594, 68.2, 68.2, '2022-06-21 09:07:37', NULL),
	(177, 36, 2, 1, 3910, 44.4, 44.4, '2022-06-21 09:07:37', NULL),
	(178, 36, 3, 1, 7660, 358.2, 358.2, '2022-06-21 09:07:37', NULL),
	(179, 36, 4, 0, 0, 0, 0, '2022-06-21 09:07:37', NULL),
	(180, 36, 5, 0, 0, 0, 0, '2022-06-21 09:07:37', NULL),
	(181, 37, 1, 1, 2311, 68.2, 68.2, '2022-06-21 09:07:37', NULL),
	(182, 37, 2, 1, 2238, 44.4, 44.4, '2022-06-21 09:07:37', NULL),
	(183, 37, 3, 1, 5833, 358.2, 358.2, '2022-06-21 09:07:37', NULL),
	(184, 37, 4, 0, 0, 0, 0, '2022-06-21 09:07:37', NULL),
	(185, 37, 5, 0, 0, 0, 0, '2022-06-21 09:07:37', NULL),
	(186, 38, 1, 1, 4045, 68.2, 68.2, '2022-06-21 09:07:37', NULL),
	(187, 38, 2, 1, 3896, 44.4, 44.4, '2022-06-21 09:07:37', NULL),
	(188, 38, 3, 1, 3896, 358.2, 358.2, '2022-06-21 09:07:37', NULL),
	(189, 38, 4, 0, 0, 0, 0, '2022-06-21 09:07:37', NULL),
	(190, 38, 5, 0, 0, 0, 0, '2022-06-21 09:07:37', NULL),
	(191, 39, 1, 1, 3079, 68.2, 68.2, '2022-06-21 09:07:37', NULL),
	(192, 39, 2, 1, 3021, 44.4, 44.4, '2022-06-21 09:07:37', NULL),
	(193, 39, 3, 1, 777, 358.2, 358.2, '2022-06-21 09:07:37', NULL),
	(194, 39, 4, 0, 0, 0, 0, '2022-06-21 09:07:37', NULL),
	(195, 39, 5, 0, 0, 0, 0, '2022-06-21 09:07:37', NULL),
	(196, 40, 1, 1, 4413, 68.2, 68.2, '2022-06-21 09:07:37', NULL),
	(197, 40, 2, 1, 4340, 44.4, 44.4, '2022-06-21 09:07:37', NULL),
	(198, 40, 3, 1, 5665, 358.2, 358.2, '2022-06-21 09:07:37', NULL),
	(199, 40, 4, 0, 0, 0, 0, '2022-06-21 09:07:37', NULL),
	(200, 40, 5, 0, 0, 0, 0, '2022-06-21 09:07:37', NULL),
	(201, 41, 1, 1, 7227, 68.2, 68.2, '2022-06-21 09:07:37', NULL),
	(202, 41, 2, 1, 5805, 44.4, 44.4, '2022-06-21 09:07:37', NULL),
	(203, 41, 3, 1, 4340, 358.2, 358.2, '2022-06-21 09:07:37', NULL),
	(204, 41, 4, 0, 0, 0, 0, '2022-06-21 09:07:37', NULL),
	(205, 41, 5, 0, 0, 0, 0, '2022-06-21 09:07:37', NULL),
	(206, 42, 1, 1, 5183, 68.2, 68.2, '2022-06-21 09:07:37', NULL),
	(207, 42, 2, 1, 5094, 44.4, 44.4, '2022-06-21 09:07:37', NULL),
	(208, 42, 3, 1, 1130, 358.2, 358.2, '2022-06-21 09:07:37', NULL),
	(209, 42, 4, 0, 0, 0, 0, '2022-06-21 09:07:37', NULL),
	(210, 42, 5, 0, 0, 0, 0, '2022-06-21 09:07:37', NULL),
	(211, 43, 1, 1, 5815, 68.2, 68.2, '2022-06-21 09:07:37', NULL),
	(212, 43, 2, 1, 5815, 44.4, 44.4, '2022-06-21 09:07:38', NULL),
	(213, 43, 3, 1, 5815, 358.2, 358.2, '2022-06-21 09:07:38', NULL),
	(214, 43, 4, 0, 0, 0, 0, '2022-06-21 09:07:38', NULL),
	(215, 43, 5, 0, 0, 0, 0, '2022-06-21 09:07:38', NULL),
	(216, 44, 1, 1, 7713, 68.2, 68.2, '2022-06-21 09:07:38', NULL),
	(217, 44, 2, 1, 7660, 44.4, 44.4, '2022-06-21 09:07:38', NULL),
	(218, 44, 3, 1, 7311, 358.2, 358.2, '2022-06-21 09:07:38', NULL),
	(219, 44, 4, 0, 0, 0, 0, '2022-06-21 09:07:38', NULL),
	(220, 44, 5, 0, 0, 0, 0, '2022-06-21 09:07:38', NULL),
	(221, 45, 1, 1, 5920, 68.2, 68.2, '2022-06-21 09:07:38', NULL),
	(222, 45, 2, 1, 7311, 44.4, 44.4, '2022-06-21 09:07:38', NULL),
	(223, 45, 3, 1, 3473, 358.2, 358.2, '2022-06-21 09:07:38', NULL),
	(224, 45, 4, 0, 0, 0, 0, '2022-06-21 09:07:38', NULL),
	(225, 45, 5, 0, 0, 0, 0, '2022-06-21 09:07:38', NULL),
	(226, 46, 1, 1, 4064, 68.2, 68.2, '2022-06-21 09:07:38', NULL),
	(227, 46, 2, 1, 4046, 44.4, 44.4, '2022-06-21 09:07:38', NULL),
	(228, 46, 3, 1, 6904, 358.2, 358.2, '2022-06-21 09:07:38', NULL),
	(229, 46, 4, 0, 0, 0, 0, '2022-06-21 09:07:38', NULL),
	(230, 46, 5, 0, 0, 0, 0, '2022-06-21 09:07:38', NULL);
/*!40000 ALTER TABLE `pemetaan_bencana_detail` ENABLE KEYS */;

/*!40101 SET SQL_MODE=IFNULL(@OLD_SQL_MODE, '') */;
/*!40014 SET FOREIGN_KEY_CHECKS=IFNULL(@OLD_FOREIGN_KEY_CHECKS, 1) */;
/*!40101 SET CHARACTER_SET_CLIENT=@OLD_CHARACTER_SET_CLIENT */;
/*!40111 SET SQL_NOTES=IFNULL(@OLD_SQL_NOTES, 1) */;
