-- --------------------------------------------------------
-- Host:                         127.0.0.1
-- Server version:               5.7.33 - MySQL Community Server (GPL)
-- Server OS:                    Win64
-- HeidiSQL Version:             11.2.0.6213
-- --------------------------------------------------------

/*!40101 SET @OLD_CHARACTER_SET_CLIENT=@@CHARACTER_SET_CLIENT */;
/*!40101 SET NAMES utf8 */;
/*!50503 SET NAMES utf8mb4 */;
/*!40014 SET @OLD_FOREIGN_KEY_CHECKS=@@FOREIGN_KEY_CHECKS, FOREIGN_KEY_CHECKS=0 */;
/*!40101 SET @OLD_SQL_MODE=@@SQL_MODE, SQL_MODE='NO_AUTO_VALUE_ON_ZERO' */;
/*!40111 SET @OLD_SQL_NOTES=@@SQL_NOTES, SQL_NOTES=0 */;


-- Dumping database structure for db_fm
CREATE DATABASE IF NOT EXISTS `db_fm` /*!40100 DEFAULT CHARACTER SET utf8mb4 COLLATE utf8mb4_unicode_ci */;
USE `db_fm`;

-- Dumping structure for table db_fm.fuzzy_himpunan
DROP TABLE IF EXISTS `fuzzy_himpunan`;
CREATE TABLE IF NOT EXISTS `fuzzy_himpunan` (
  `id` int(11) NOT NULL AUTO_INCREMENT,
  `variable_id` int(11) DEFAULT NULL,
  `nilai` enum('Rendah','Sedang','Tinggi') COLLATE utf8mb4_unicode_ci DEFAULT NULL,
  `min` double DEFAULT '0',
  `max` double DEFAULT '0',
  PRIMARY KEY (`id`)
) ENGINE=InnoDB AUTO_INCREMENT=13 DEFAULT CHARSET=utf8mb4 COLLATE=utf8mb4_unicode_ci;

-- Dumping data for table db_fm.fuzzy_himpunan: ~12 rows (approximately)
DELETE FROM `fuzzy_himpunan`;
/*!40000 ALTER TABLE `fuzzy_himpunan` DISABLE KEYS */;
INSERT INTO `fuzzy_himpunan` (`id`, `variable_id`, `nilai`, `min`, `max`) VALUES
	(1, 1, 'Rendah', 0, 4),
	(2, 1, 'Sedang', 1, 8),
	(3, 1, 'Tinggi', 4, 0),
	(4, 2, 'Rendah', 0, 23269),
	(5, 2, 'Sedang', 2760, 43778),
	(6, 2, 'Tinggi', 23269, 0),
	(7, 3, 'Rendah', 0, 29240),
	(8, 3, 'Sedang', 2760, 51024),
	(9, 3, 'Tinggi', 29240, 0),
	(10, 4, 'Rendah', 0, 72),
	(11, 4, 'Sedang', 28, 115),
	(12, 4, 'Tinggi', 72, 0);
/*!40000 ALTER TABLE `fuzzy_himpunan` ENABLE KEYS */;

-- Dumping structure for table db_fm.fuzzy_results
DROP TABLE IF EXISTS `fuzzy_results`;
CREATE TABLE IF NOT EXISTS `fuzzy_results` (
  `id` int(11) NOT NULL AUTO_INCREMENT,
  `tahun` varchar(4) COLLATE utf8mb4_unicode_ci DEFAULT NULL,
  `id_kelurahan` int(11) DEFAULT NULL,
  PRIMARY KEY (`id`)
) ENGINE=InnoDB AUTO_INCREMENT=47 DEFAULT CHARSET=utf8mb4 COLLATE=utf8mb4_unicode_ci;

-- Dumping data for table db_fm.fuzzy_results: ~46 rows (approximately)
DELETE FROM `fuzzy_results`;
/*!40000 ALTER TABLE `fuzzy_results` DISABLE KEYS */;
INSERT INTO `fuzzy_results` (`id`, `tahun`, `id_kelurahan`) VALUES
	(1, '2020', 1),
	(2, '2020', 2),
	(3, '2020', 3),
	(4, '2020', 4),
	(5, '2020', 5),
	(6, '2020', 6),
	(7, '2020', 7),
	(8, '2020', 8),
	(9, '2020', 9),
	(10, '2020', 10),
	(11, '2020', 11),
	(12, '2020', 12),
	(13, '2020', 13),
	(14, '2020', 14),
	(15, '2020', 15),
	(16, '2020', 16),
	(17, '2020', 17),
	(18, '2020', 18),
	(19, '2020', 19),
	(20, '2020', 20),
	(21, '2020', 21),
	(22, '2020', 22),
	(23, '2020', 23),
	(24, '2020', 24),
	(25, '2020', 25),
	(26, '2020', 26),
	(27, '2020', 27),
	(28, '2020', 28),
	(29, '2020', 29),
	(30, '2020', 30),
	(31, '2020', 31),
	(32, '2020', 32),
	(33, '2020', 33),
	(34, '2020', 34),
	(35, '2020', 35),
	(36, '2020', 36),
	(37, '2020', 37),
	(38, '2020', 38),
	(39, '2020', 39),
	(40, '2020', 40),
	(41, '2020', 41),
	(42, '2020', 42),
	(43, '2020', 43),
	(44, '2020', 44),
	(45, '2020', 45),
	(46, '2020', 46);
/*!40000 ALTER TABLE `fuzzy_results` ENABLE KEYS */;

-- Dumping structure for table db_fm.fuzzy_result_details
DROP TABLE IF EXISTS `fuzzy_result_details`;
CREATE TABLE IF NOT EXISTS `fuzzy_result_details` (
  `fuzzy_id` int(11) DEFAULT NULL,
  `id_bencana` int(11) DEFAULT NULL,
  `out` float DEFAULT NULL,
  `status` varchar(15) COLLATE utf8mb4_unicode_ci DEFAULT NULL,
  KEY `fuzzy_id` (`fuzzy_id`),
  KEY `id_bencana` (`id_bencana`)
) ENGINE=InnoDB DEFAULT CHARSET=utf8mb4 COLLATE=utf8mb4_unicode_ci;

-- Dumping data for table db_fm.fuzzy_result_details: ~230 rows (approximately)
DELETE FROM `fuzzy_result_details`;
/*!40000 ALTER TABLE `fuzzy_result_details` DISABLE KEYS */;
INSERT INTO `fuzzy_result_details` (`fuzzy_id`, `id_bencana`, `out`, `status`) VALUES
	(1, 1, 0, 'Rendah'),
	(2, 1, 0, 'Rendah'),
	(3, 1, 0, 'Rendah'),
	(4, 1, 0, 'Rendah'),
	(5, 1, 0, 'Rendah'),
	(6, 1, 0, 'Rendah'),
	(7, 1, 0, 'Rendah'),
	(8, 1, 0, 'Rendah'),
	(9, 1, 0, 'Rendah'),
	(10, 1, 0, 'Rendah'),
	(11, 1, 0, 'Rendah'),
	(12, 1, 0, 'Rendah'),
	(13, 1, 0, 'Rendah'),
	(14, 1, 0, 'Rendah'),
	(15, 1, 0, 'Rendah'),
	(16, 1, 0, 'Rendah'),
	(17, 1, 0, 'Rendah'),
	(18, 1, 0, 'Rendah'),
	(19, 1, 0, 'Rendah'),
	(20, 1, 0, 'Rendah'),
	(21, 1, 0, 'Rendah'),
	(22, 1, 0, 'Rendah'),
	(23, 1, 0, 'Rendah'),
	(24, 1, 0, 'Rendah'),
	(25, 1, 0, 'Rendah'),
	(26, 1, 0, 'Rendah'),
	(27, 1, 0, 'Rendah'),
	(28, 1, 0, 'Rendah'),
	(29, 1, 0, 'Rendah'),
	(30, 1, 0, 'Rendah'),
	(31, 1, 0, 'Rendah'),
	(32, 1, 0, 'Rendah'),
	(33, 1, 0, 'Rendah'),
	(34, 1, 0, 'Rendah'),
	(35, 1, 0, 'Rendah'),
	(36, 1, 0, 'Rendah'),
	(37, 1, 0, 'Rendah'),
	(38, 1, 0, 'Rendah'),
	(39, 1, 0, 'Rendah'),
	(40, 1, 0, 'Rendah'),
	(41, 1, 0, 'Rendah'),
	(42, 1, 0, 'Rendah'),
	(43, 1, 0, 'Rendah'),
	(44, 1, 0, 'Rendah'),
	(45, 1, 0, 'Rendah'),
	(46, 1, 0, 'Rendah'),
	(1, 2, 0, 'Rendah'),
	(1, 3, 0, 'Rendah'),
	(1, 4, 0, 'Rendah'),
	(1, 5, 0, 'Rendah'),
	(2, 2, 0, 'Rendah'),
	(2, 3, 0, 'Rendah'),
	(2, 4, 0, 'Rendah'),
	(2, 5, 0, 'Rendah'),
	(3, 2, 0, 'Rendah'),
	(3, 3, 0, 'Rendah'),
	(3, 4, 0, 'Rendah'),
	(3, 5, 0, 'Rendah'),
	(4, 2, 0, 'Rendah'),
	(4, 3, 0, 'Rendah'),
	(4, 4, 0, 'Rendah'),
	(4, 5, 0, 'Rendah'),
	(5, 2, 0, 'Rendah'),
	(5, 3, 0, 'Rendah'),
	(5, 4, 0, 'Rendah'),
	(5, 5, 0, 'Rendah'),
	(6, 2, 0, 'Rendah'),
	(6, 3, 0, 'Rendah'),
	(6, 4, 0, 'Rendah'),
	(6, 5, 0, 'Rendah'),
	(7, 2, 0, 'Rendah'),
	(7, 3, 0, 'Rendah'),
	(7, 4, 0, 'Rendah'),
	(7, 5, 0, 'Rendah'),
	(8, 2, 0, 'Rendah'),
	(8, 3, 0, 'Rendah'),
	(8, 4, 0, 'Rendah'),
	(8, 5, 0, 'Rendah'),
	(9, 2, 0, 'Rendah'),
	(9, 3, 0, 'Rendah'),
	(9, 4, 0, 'Rendah'),
	(9, 5, 0, 'Rendah'),
	(10, 2, 0, 'Rendah'),
	(10, 3, 0, 'Rendah'),
	(10, 4, 0, 'Rendah'),
	(10, 5, 0, 'Rendah'),
	(11, 2, 0, 'Rendah'),
	(11, 3, 0, 'Rendah'),
	(11, 4, 0, 'Rendah'),
	(11, 5, 0, 'Rendah'),
	(12, 2, 0, 'Rendah'),
	(12, 3, 0, 'Rendah'),
	(12, 4, 0, 'Rendah'),
	(12, 5, 0, 'Rendah'),
	(13, 2, 0, 'Rendah'),
	(13, 3, 0, 'Rendah'),
	(13, 4, 0, 'Rendah'),
	(13, 5, 0, 'Rendah'),
	(14, 2, 0, 'Rendah'),
	(14, 3, 0, 'Rendah'),
	(14, 4, 0, 'Rendah'),
	(14, 5, 0, 'Rendah'),
	(15, 2, 0, 'Rendah'),
	(15, 3, 0, 'Rendah'),
	(15, 4, 0, 'Rendah'),
	(15, 5, 0, 'Rendah'),
	(16, 2, 0, 'Rendah'),
	(16, 3, 0, 'Rendah'),
	(16, 4, 0, 'Rendah'),
	(16, 5, 0, 'Rendah'),
	(17, 2, 0, 'Rendah'),
	(17, 3, 0, 'Rendah'),
	(17, 4, 0, 'Rendah'),
	(17, 5, 0, 'Rendah'),
	(18, 2, 0, 'Rendah'),
	(18, 3, 0, 'Rendah'),
	(18, 4, 0, 'Rendah'),
	(18, 5, 0, 'Rendah'),
	(19, 2, 0, 'Rendah'),
	(19, 3, 0, 'Rendah'),
	(19, 4, 0, 'Rendah'),
	(19, 5, 0, 'Rendah'),
	(20, 2, 0, 'Rendah'),
	(20, 3, 0, 'Rendah'),
	(20, 4, 0, 'Rendah'),
	(20, 5, 0, 'Rendah'),
	(21, 2, 0, 'Rendah'),
	(21, 3, 0, 'Rendah'),
	(21, 4, 0, 'Rendah'),
	(21, 5, 0, 'Rendah'),
	(22, 2, 0, 'Rendah'),
	(22, 3, 0, 'Rendah'),
	(22, 4, 0, 'Rendah'),
	(22, 5, 0, 'Rendah'),
	(23, 2, 0, 'Rendah'),
	(23, 3, 0, 'Rendah'),
	(23, 4, 0, 'Rendah'),
	(23, 5, 0, 'Rendah'),
	(24, 2, 0, 'Rendah'),
	(24, 3, 0, 'Rendah'),
	(24, 4, 0, 'Rendah'),
	(24, 5, 0, 'Rendah'),
	(25, 2, 0, 'Rendah'),
	(25, 3, 0, 'Rendah'),
	(25, 4, 0, 'Rendah'),
	(25, 5, 0, 'Rendah'),
	(26, 2, 0, 'Rendah'),
	(26, 3, 0, 'Rendah'),
	(26, 4, 0, 'Rendah'),
	(26, 5, 0, 'Rendah'),
	(27, 2, 0, 'Rendah'),
	(27, 3, 0, 'Rendah'),
	(27, 4, 0, 'Rendah'),
	(27, 5, 0, 'Rendah'),
	(28, 2, 0, 'Rendah'),
	(28, 3, 0, 'Rendah'),
	(28, 4, 0, 'Rendah'),
	(28, 5, 0, 'Rendah'),
	(29, 2, 0, 'Rendah'),
	(29, 3, 0, 'Rendah'),
	(29, 4, 0, 'Rendah'),
	(29, 5, 0, 'Rendah'),
	(30, 2, 0, 'Rendah'),
	(30, 3, 0, 'Rendah'),
	(30, 4, 0, 'Rendah'),
	(30, 5, 0, 'Rendah'),
	(31, 2, 0, 'Rendah'),
	(31, 3, 0, 'Rendah'),
	(31, 4, 0, 'Rendah'),
	(31, 5, 0, 'Rendah'),
	(32, 2, 0, 'Rendah'),
	(32, 3, 0, 'Rendah'),
	(32, 4, 0, 'Rendah'),
	(32, 5, 0, 'Rendah'),
	(33, 2, 0, 'Rendah'),
	(33, 3, 0, 'Rendah'),
	(33, 4, 0, 'Rendah'),
	(33, 5, 0, 'Rendah'),
	(34, 2, 0, 'Rendah'),
	(34, 3, 0, 'Rendah'),
	(34, 4, 0, 'Rendah'),
	(34, 5, 0, 'Rendah'),
	(35, 2, 0, 'Rendah'),
	(35, 3, 0, 'Rendah'),
	(35, 4, 0, 'Rendah'),
	(35, 5, 0, 'Rendah'),
	(36, 2, 0, 'Rendah'),
	(36, 3, 0, 'Rendah'),
	(36, 4, 0, 'Rendah'),
	(36, 5, 0, 'Rendah'),
	(37, 2, 0, 'Rendah'),
	(37, 3, 0, 'Rendah'),
	(37, 4, 0, 'Rendah'),
	(37, 5, 0, 'Rendah'),
	(38, 2, 0, 'Rendah'),
	(38, 3, 0, 'Rendah'),
	(38, 4, 0, 'Rendah'),
	(38, 5, 0, 'Rendah'),
	(39, 2, 0, 'Rendah'),
	(39, 3, 0, 'Rendah'),
	(39, 4, 0, 'Rendah'),
	(39, 5, 0, 'Rendah'),
	(40, 2, 0, 'Rendah'),
	(40, 3, 0, 'Rendah'),
	(40, 4, 0, 'Rendah'),
	(40, 5, 0, 'Rendah'),
	(41, 2, 0, 'Rendah'),
	(41, 3, 0, 'Rendah'),
	(41, 4, 0, 'Rendah'),
	(41, 5, 0, 'Rendah'),
	(42, 2, 0, 'Rendah'),
	(42, 3, 0, 'Rendah'),
	(42, 4, 0, 'Rendah'),
	(42, 5, 0, 'Rendah'),
	(43, 2, 0, 'Rendah'),
	(43, 3, 0, 'Rendah'),
	(43, 4, 0, 'Rendah'),
	(43, 5, 0, 'Rendah'),
	(44, 2, 0, 'Rendah'),
	(44, 3, 0, 'Rendah'),
	(44, 4, 0, 'Rendah'),
	(44, 5, 0, 'Rendah'),
	(45, 2, 0, 'Rendah'),
	(45, 3, 0, 'Rendah'),
	(45, 4, 0, 'Rendah'),
	(45, 5, 0, 'Rendah'),
	(46, 2, 0, 'Rendah'),
	(46, 3, 0, 'Rendah'),
	(46, 4, 0, 'Rendah'),
	(46, 5, 0, 'Rendah');
/*!40000 ALTER TABLE `fuzzy_result_details` ENABLE KEYS */;

-- Dumping structure for table db_fm.fuzzy_variables
DROP TABLE IF EXISTS `fuzzy_variables`;
CREATE TABLE IF NOT EXISTS `fuzzy_variables` (
  `id` int(11) NOT NULL AUTO_INCREMENT,
  `name` varchar(150) COLLATE utf8mb4_unicode_ci DEFAULT NULL,
  `code` varchar(2) COLLATE utf8mb4_unicode_ci DEFAULT NULL,
  `description` varchar(255) COLLATE utf8mb4_unicode_ci DEFAULT NULL,
  PRIMARY KEY (`id`)
) ENGINE=InnoDB AUTO_INCREMENT=5 DEFAULT CHARSET=utf8mb4 COLLATE=utf8mb4_unicode_ci;

-- Dumping data for table db_fm.fuzzy_variables: ~4 rows (approximately)
DELETE FROM `fuzzy_variables`;
/*!40000 ALTER TABLE `fuzzy_variables` DISABLE KEYS */;
INSERT INTO `fuzzy_variables` (`id`, `name`, `code`, `description`) VALUES
	(1, 'Bencana', 'D', 'Bencana (di setiap kelurahan)'),
	(2, 'Populasi', 'PD', 'Kepadatan penduduk yang terdampak (di setiap kelurahan)'),
	(3, 'Bangunan', 'NB', 'Jumlah bangunan yang terdampak (di setiap kelurahan)'),
	(4, 'Faskes', 'HF', 'Jumlah fasilitas kesehatan yang tersedia (di setiap kelurahan)');
/*!40000 ALTER TABLE `fuzzy_variables` ENABLE KEYS */;

-- Dumping structure for table db_fm.m_bencana
DROP TABLE IF EXISTS `m_bencana`;
CREATE TABLE IF NOT EXISTS `m_bencana` (
  `id` int(11) NOT NULL AUTO_INCREMENT,
  `nama` varchar(150) COLLATE utf8mb4_unicode_ci DEFAULT NULL,
  PRIMARY KEY (`id`)
) ENGINE=InnoDB AUTO_INCREMENT=6 DEFAULT CHARSET=utf8mb4 COLLATE=utf8mb4_unicode_ci;

-- Dumping data for table db_fm.m_bencana: ~4 rows (approximately)
DELETE FROM `m_bencana`;
/*!40000 ALTER TABLE `m_bencana` DISABLE KEYS */;
INSERT INTO `m_bencana` (`id`, `nama`) VALUES
	(1, 'Banjir'),
	(2, 'Cuaca Ekstrim'),
	(3, 'Gempa Bumi'),
	(4, 'Kekeringan'),
	(5, 'Tanah Longsor');
/*!40000 ALTER TABLE `m_bencana` ENABLE KEYS */;

-- Dumping structure for table db_fm.m_kecamatan
DROP TABLE IF EXISTS `m_kecamatan`;
CREATE TABLE IF NOT EXISTS `m_kecamatan` (
  `id_kecamatan` int(11) NOT NULL AUTO_INCREMENT,
  `nama` varchar(150) COLLATE utf8mb4_unicode_ci DEFAULT NULL,
  PRIMARY KEY (`id_kecamatan`)
) ENGINE=InnoDB AUTO_INCREMENT=4 DEFAULT CHARSET=utf8mb4 COLLATE=utf8mb4_unicode_ci;

-- Dumping data for table db_fm.m_kecamatan: ~2 rows (approximately)
DELETE FROM `m_kecamatan`;
/*!40000 ALTER TABLE `m_kecamatan` DISABLE KEYS */;
INSERT INTO `m_kecamatan` (`id_kecamatan`, `nama`) VALUES
	(1, 'Kecamatan Mojoroto'),
	(2, 'Kecamatan Kota'),
	(3, 'Kecamatan Pesantren');
/*!40000 ALTER TABLE `m_kecamatan` ENABLE KEYS */;

-- Dumping structure for table db_fm.m_kelurahan
DROP TABLE IF EXISTS `m_kelurahan`;
CREATE TABLE IF NOT EXISTS `m_kelurahan` (
  `id_kelurahan` int(11) NOT NULL AUTO_INCREMENT,
  `id_kecamatan` int(11) DEFAULT NULL,
  `nama` varchar(225) COLLATE utf8mb4_unicode_ci DEFAULT NULL,
  `luas` double DEFAULT NULL COMMENT 'km',
  `lat` double DEFAULT NULL,
  `long` double DEFAULT NULL,
  `coordinate` text COLLATE utf8mb4_unicode_ci,
  PRIMARY KEY (`id_kelurahan`),
  KEY `id_kecamatan` (`id_kecamatan`)
) ENGINE=InnoDB AUTO_INCREMENT=47 DEFAULT CHARSET=utf8mb4 COLLATE=utf8mb4_unicode_ci;

-- Dumping data for table db_fm.m_kelurahan: ~46 rows (approximately)
DELETE FROM `m_kelurahan`;
/*!40000 ALTER TABLE `m_kelurahan` DISABLE KEYS */;
INSERT INTO `m_kelurahan` (`id_kelurahan`, `id_kecamatan`, `nama`, `luas`, `lat`, `long`, `coordinate`) VALUES
	(1, 1, 'Pojok', 5.153, -7.8147029, 111.9634142, '{\r\n	"type": "Feature",\r\n	"properties": {\r\n		"name": "POJOK",\r\n		"display_name": "Pojok, Kediri"\r\n	},\r\n	"geometry": {\r\n		"type": "Polygon",\r\n		"coordinates": [\r\n			[-7.82418, 111.970504],\r\n			[111.971324, -7.823036],\r\n			[111.972655, -7.822483],\r\n			[111.973599, -7.822356],\r\n			[111.974458, -7.822398],\r\n			[111.975831, -7.821931],\r\n			[111.977505, -7.821463],\r\n			[111.978922, -7.821123],\r\n			[111.979652, -7.8204],\r\n			[111.980295, -7.819125],\r\n			[111.981411, -7.81904],\r\n			[111.981755, -7.817339],\r\n			[111.982055, -7.815341],\r\n			[111.983043, -7.813385],\r\n			[111.984036, -7.81279],\r\n			[111.984594, -7.811769],\r\n			[111.984036, -7.810876],\r\n			[111.981417, -7.811429],\r\n			[111.980173, -7.810536],\r\n			[111.979185, -7.809601],\r\n			[111.979185, -7.809006],\r\n			[111.978456, -7.8079],\r\n			[111.977511, -7.807815],\r\n			[111.976052, -7.80722],\r\n			[111.975726, -7.805222],\r\n			[111.973816, -7.806667],\r\n			[111.971412, -7.806327],\r\n			[111.969009, -7.807518],\r\n			[111.967635, -7.809558],\r\n			[111.967206, -7.810409],\r\n			[111.96777, -7.811344],\r\n			[111.969487, -7.810324],\r\n			[111.970345, -7.811004],\r\n			[111.970173, -7.811854],\r\n			[111.969401, -7.812535],\r\n			[111.96631, -7.813385],\r\n			[111.965623, -7.815001],\r\n			[111.963477, -7.815341],\r\n			[111.959357, -7.815256],\r\n			[111.95462, -7.813726],\r\n			[111.954742, -7.814406],\r\n			[111.955459, -7.816344],\r\n			[111.955482, -7.816379],\r\n			[111.955497, -7.81644],\r\n			[111.955604, -7.81663],\r\n			[111.955622, -7.816674],\r\n			[111.955642, -7.816725],\r\n			[111.955909, -7.81718],\r\n			[111.956344, -7.817723],\r\n			[111.956371, -7.817749],\r\n			[111.956421, -7.817909],\r\n			[111.957813, -7.819101],\r\n			[111.95784, -7.819293],\r\n			[111.957336, -7.819976],\r\n			[111.957191, -7.820652],\r\n			[111.957245, -7.820719],\r\n			[111.957641, -7.820771],\r\n			[111.957962, -7.822052],\r\n			[111.958091, -7.82286],\r\n			[111.95916, -7.823157],\r\n			[111.959625, -7.823221],\r\n			[111.960823, -7.823194],\r\n			[111.961128, -7.82328],\r\n			[111.961738, -7.8235],\r\n			[111.961959, -7.823495],\r\n			[111.962814, -7.823348],\r\n			[111.963005, -7.823376],\r\n			[111.963821, -7.823921],\r\n			[111.964157, -7.824032],\r\n			[111.964538, -7.824097],\r\n			[111.96508, -7.824135],\r\n			[111.965446, -7.824078],\r\n			[111.965744, -7.824141],\r\n			[111.966346, -7.824132],\r\n			[111.966766, -7.824092],\r\n			[111.96848, -7.824057],\r\n			[111.969284, -7.824084],\r\n			[111.969925, -7.824117]\r\n		]\r\n	},\r\n	"id": "02d78dbd-6c5b-4d34-a827-0eb23062bd20"\r\n}'),
	(2, 1, 'Campurejo', 1.409, -7.8213929, 111.9776156, '{\r\n	"type": "Feature",\r\n	"properties": {\r\n		"name": "CAMPUREJO",\r\n		"display_name": "Campurejo, Kediri"\r\n	},\r\n	"geometry": {\r\n		"type": "Polygon",\r\n		"coordinates": [\r\n			[-7.82725, 111.985001],\r\n			[111.982832, -7.827466],\r\n			[111.982414, -7.827434],\r\n			[111.982071, -7.82735],\r\n			[111.981392, -7.827055],\r\n			[111.980064, -7.82632],\r\n			[111.977974, -7.825211],\r\n			[111.977096, -7.824848],\r\n			[111.976326, -7.824659],\r\n			[111.974991, -7.824439],\r\n			[111.973884, -7.824346],\r\n			[111.970897, -7.824196],\r\n			[111.970504, -7.82418],\r\n			[111.970504, -7.82418],\r\n			[111.971324, -7.823036],\r\n			[111.972655, -7.822483],\r\n			[111.973599, -7.822356],\r\n			[111.974458, -7.822398],\r\n			[111.975831, -7.821931],\r\n			[111.977505, -7.821463],\r\n			[111.978922, -7.821123],\r\n			[111.979652, -7.8204],\r\n			[111.980295, -7.819125],\r\n			[111.981411, -7.81904],\r\n			[111.981755, -7.817339],\r\n			[111.982055, -7.815341],\r\n			[111.983043, -7.813385],\r\n			[111.984036, -7.81279],\r\n			[111.985538, -7.813045],\r\n			[111.984808, -7.814873],\r\n			[111.985195, -7.815766],\r\n			[111.986182, -7.816276],\r\n			[111.986482, -7.818657],\r\n			[111.987169, -7.820443],\r\n			[111.987268, -7.822739],\r\n			[111.987096, -7.823971],\r\n			[111.985177, -7.825375]\r\n		]\r\n	},\r\n	"id": "a69e7fd1-b7a7-4cd9-bb0f-495f07fb2c6b"\r\n}'),
	(3, 1, 'Tamanan', 1.077, -7.8319885, 111.9789158, '{\r\n	"type": "Feature",\r\n	"properties": {\r\n		"name": "TAMANAN",\r\n		"display_name": "Tamanan, Kediri"\r\n	},\r\n	"geometry": {\r\n		"type": "Polygon",\r\n		"coordinates": [\r\n			[111.985001, -7.82725],\r\n			[111.985177, -7.825375],\r\n			[111.987096, -7.823971],\r\n			[111.988083, -7.824227],\r\n			[111.988341, -7.825077],\r\n			[111.989586, -7.826437],\r\n			[111.9898, -7.828478],\r\n			[111.988641, -7.829711],\r\n			[111.988212, -7.831794],\r\n			[111.988684, -7.832857],\r\n			[111.989113, -7.834175],\r\n			[111.98896, -7.839311],\r\n			[111.987935, -7.839111],\r\n			[111.987159, -7.839501],\r\n			[111.987014, -7.839526],\r\n			[111.986885, -7.839463],\r\n			[111.986732, -7.839321],\r\n			[111.986549, -7.839102],\r\n			[111.986256, -7.83892],\r\n			[111.98584, -7.838726],\r\n			[111.985641, -7.838641],\r\n			[111.984893, -7.838359],\r\n			[111.984611, -7.83822],\r\n			[111.984382, -7.83806],\r\n			[111.98426, -7.837916],\r\n			[111.984222, -7.837785],\r\n			[111.984344, -7.837031],\r\n			[111.984459, -7.836506],\r\n			[111.984657, -7.835234],\r\n			[111.984741, -7.834422],\r\n			[111.984784, -7.833782],\r\n			[111.985588, -7.832022],\r\n			[111.986969, -7.8296]\r\n		]\r\n	},\r\n	"id": "95ffcfc2-d8a5-45fa-99a2-00527ac82273"\r\n}'),
	(4, 1, 'Banjarmlati', 0.954, -7.8364838, 111.9942186, '{\r\n	"type": "Feature",\r\n	"properties": {\r\n		"name": "BANJARMLATI",\r\n		"display_name": "Banjarmlati, Kediri"\r\n	},\r\n	"geometry": {\r\n		"type": "Polygon",\r\n		"coordinates": [\r\n			[-7.842511, 112.003609],\r\n			[112.005768, -7.840552],\r\n			[112.007399, -7.836854],\r\n			[112.008043, -7.83375],\r\n			[112.005639, -7.834048],\r\n			[112.00448, -7.833112],\r\n			[112.002978, -7.83256],\r\n			[112.001991, -7.832517],\r\n			[112.001476, -7.831624],\r\n			[111.99993, -7.830774],\r\n			[111.998986, -7.830519],\r\n			[111.99787, -7.830859],\r\n			[111.996711, -7.831369],\r\n			[111.996625, -7.832857],\r\n			[111.996368, -7.834133],\r\n			[111.995252, -7.83443],\r\n			[111.993921, -7.834643],\r\n			[111.992676, -7.834813],\r\n			[111.991689, -7.834218],\r\n			[111.99126, -7.833155],\r\n			[111.991131, -7.832134],\r\n			[111.991775, -7.831624],\r\n			[111.99126, -7.830646],\r\n			[111.990487, -7.830009],\r\n			[111.989843, -7.830434],\r\n			[111.988684, -7.832857],\r\n			[111.989113, -7.834175],\r\n			[111.98896, -7.839311],\r\n			[111.992607, -7.839747],\r\n			[111.995201, -7.840418],\r\n			[111.998634, -7.840951]\r\n		]\r\n	},\r\n	"id": "58198800-81ec-4fd6-b091-f94f68288c47"\r\n}'),
	(5, 1, 'Bandar Kidul', 1.299, -7.8287519, 111.9947831, '{\r\n	"type": "Feature",\r\n	"properties": {\r\n		"name": "BANDAR KIDUL",\r\n		"display_name": "Bandar Kidul, Kediri"\r\n	},\r\n	"geometry": {\r\n		"type": "Polygon",\r\n		"coordinates": [\r\n			[111.988684, -7.832857],\r\n			[111.988212, -7.831794],\r\n			[111.988641, -7.829711],\r\n			[111.9898, -7.828478],\r\n			[111.989586, -7.826437],\r\n			[111.988341, -7.825077],\r\n			[111.988083, -7.824227],\r\n			[111.987096, -7.823971],\r\n			[111.987268, -7.822739],\r\n			[111.988469, -7.822653],\r\n			[111.9898, -7.823461],\r\n			[111.990272, -7.824652],\r\n			[111.990702, -7.825842],\r\n			[111.99083, -7.827118],\r\n			[111.991345, -7.827203],\r\n			[111.992118, -7.826863],\r\n			[111.991946, -7.825204],\r\n			[111.99156, -7.823334],\r\n			[111.991468, -7.821038],\r\n			[111.993529, -7.820443],\r\n			[111.993958, -7.819635],\r\n			[111.994902, -7.820358],\r\n			[111.995847, -7.82125],\r\n			[111.997177, -7.822016],\r\n			[111.998594, -7.821973],\r\n			[112.00074, -7.824992],\r\n			[112.00323, -7.825587],\r\n			[112.00456, -7.825715],\r\n			[112.005504, -7.826182],\r\n			[112.00984, -7.827203],\r\n			[112.009459, -7.829201],\r\n			[112.00873, -7.831667],\r\n			[112.008043, -7.83375],\r\n			[112.005639, -7.834048],\r\n			[112.00448, -7.833112],\r\n			[112.002978, -7.83256],\r\n			[112.001991, -7.832517],\r\n			[112.001476, -7.831624],\r\n			[111.99993, -7.830774],\r\n			[111.998986, -7.830519],\r\n			[111.99787, -7.830859],\r\n			[111.996711, -7.831369],\r\n			[111.996625, -7.832857],\r\n			[111.996368, -7.834133],\r\n			[111.995252, -7.83443],\r\n			[111.992676, -7.834813],\r\n			[111.991689, -7.834218],\r\n			[111.99126, -7.833155],\r\n			[111.991131, -7.832134],\r\n			[111.991775, -7.831624],\r\n			[111.99126, -7.830646],\r\n			[111.990487, -7.830009],\r\n			[111.989843, -7.830434]\r\n		]\r\n	},\r\n	"id": "3aeed5fd-6ec5-4561-b722-ce064a4ad3f4"\r\n}'),
	(6, 1, 'Lirboyo', 1.037, -7.8219404, 111.9875506, '{\r\n	"type": "Feature",\r\n	"properties": {\r\n		"name": "LIRBOYO",\r\n		"display_name": "Lirboyo, Kediri"\r\n	},\r\n	"geometry": {\r\n		"type": "Polygon",\r\n		"coordinates": [\r\n			[-7.822739, 111.987268],\r\n			[111.987169, -7.820443],\r\n			[111.986482, -7.818657],\r\n			[111.986182, -7.816276],\r\n			[111.985195, -7.815766],\r\n			[111.984808, -7.814873],\r\n			[111.985538, -7.813045],\r\n			[111.990309, -7.811684],\r\n			[111.99091, -7.813427],\r\n			[111.99061, -7.814235],\r\n			[111.989623, -7.815298],\r\n			[111.989751, -7.817169],\r\n			[111.98885, -7.818487],\r\n			[111.990224, -7.819635],\r\n			[111.991468, -7.821038],\r\n			[111.99156, -7.823334],\r\n			[111.991946, -7.825204],\r\n			[111.992118, -7.826863],\r\n			[111.991345, -7.827203],\r\n			[111.99083, -7.827118],\r\n			[111.990702, -7.825842],\r\n			[111.9898, -7.823461],\r\n			[111.988469, -7.822653]\r\n		]\r\n	},\r\n	"id": "f20e86d8-b91d-4757-bf7b-73d70bc02c23"\r\n}'),
	(7, 1, 'Bandar Lor', 1.113, -7.8193884, 111.9967401, '{\r\n	"type": "Feature",\r\n	"properties": {\r\n		"name": "BANJAR LOR",\r\n		"display_name": "Banjar Lor, Kediri"\r\n	},\r\n	"geometry": {\r\n		"type": "Polygon",\r\n		"coordinates": [\r\n			[112.008204, -7.814703],\r\n			[112.008571, -7.821038],\r\n			[112.009368, -7.823291],\r\n			[112.009668, -7.826097],\r\n			[112.00984, -7.827203],\r\n			[112.005504, -7.826182],\r\n			[112.00456, -7.825715],\r\n			[112.00323, -7.825587],\r\n			[112.00074, -7.824992],\r\n			[111.998594, -7.821973],\r\n			[111.997177, -7.822016],\r\n			[111.995847, -7.82125],\r\n			[111.994902, -7.820358],\r\n			[111.993958, -7.819635],\r\n			[111.993529, -7.820443],\r\n			[111.991468, -7.821038],\r\n			[111.990224, -7.819635],\r\n			[111.98885, -7.818487],\r\n			[111.989751, -7.817169],\r\n			[111.989623, -7.815298],\r\n			[111.99061, -7.814235],\r\n			[111.99091, -7.813427],\r\n			[111.990309, -7.811684],\r\n			[111.991137, -7.81026],\r\n			[111.99258, -7.810706],\r\n			[111.995027, -7.811642],\r\n			[111.996529, -7.811429],\r\n			[111.997945, -7.811939],\r\n			[112.000692, -7.811812],\r\n			[112.001208, -7.812194],\r\n			[112.002967, -7.811897],\r\n			[112.003525, -7.81313],\r\n			[112.004727, -7.813938]\r\n		]\r\n	},\r\n	"id": "10a8434d-32c0-43ef-82e8-dc8e3722f761"\r\n}'),
	(8, 1, 'Mojoroto', 2.13, 7.8067896, 111.9471999, '{\r\n	"type": "Feature",\r\n	"properties": {\r\n		"name": "MOJOROTO",\r\n		"display_name": "Mojoroto, Kediri"\r\n	},\r\n	"geometry": {\r\n		"type": "Polygon",\r\n		"coordinates": [\r\n			[112.009545, -7.792647],\r\n			[112.009664, -7.793912],\r\n			[112.010007, -7.7954],\r\n			[112.009921, -7.797101],\r\n			[112.009535, -7.804286],\r\n			[112.009406, -7.808368],\r\n			[112.009148, -7.810706],\r\n			[112.008333, -7.813087],\r\n			[112.008204, -7.814703],\r\n			[112.004727, -7.813938],\r\n			[112.003525, -7.81313],\r\n			[112.002967, -7.811897],\r\n			[112.001208, -7.812194],\r\n			[112.000692, -7.811812],\r\n			[111.997945, -7.811939],\r\n			[111.996529, -7.811429],\r\n			[111.995027, -7.811642],\r\n			[111.99258, -7.810706],\r\n			[111.991137, -7.81026],\r\n			[111.991549, -7.809686],\r\n			[111.991807, -7.805264],\r\n			[111.992236, -7.804116],\r\n			[111.994463, -7.802713],\r\n			[111.996015, -7.80063],\r\n			[111.997303, -7.798164],\r\n			[112.001116, -7.795783],\r\n			[112.001589, -7.794464],\r\n			[112.006096, -7.792764],\r\n			[112.008042, -7.792838],\r\n			[112.009019, -7.793136]\r\n		]\r\n	},\r\n	"id": "295f9c15-6c58-4be7-a0f4-9330d178f0b6"\r\n}'),
	(9, 1, 'Sukorame', 4.302, -7.8041199, 111.9764482, '{\r\n	"type": "Feature",\r\n	"properties": {\r\n		"name": "SUKORAME",\r\n		"display_name": "Sukorame, Kediri"\r\n	},\r\n	"geometry": {\r\n		"type": "Polygon",\r\n		"coordinates": [\r\n			[-7.813045, 111.985538],\r\n			[111.984036, -7.81279],\r\n			[111.984594, -7.811769],\r\n			[111.984036, -7.810876],\r\n			[111.981417, -7.811429],\r\n			[111.980173, -7.810536],\r\n			[111.979185, -7.809601],\r\n			[111.979185, -7.809006],\r\n			[111.978456, -7.8079],\r\n			[111.977511, -7.807815],\r\n			[111.976052, -7.80722],\r\n			[111.975726, -7.805222],\r\n			[111.975897, -7.801735],\r\n			[111.975168, -7.800757],\r\n			[111.974652, -7.799269],\r\n			[111.974481, -7.797738],\r\n			[111.975468, -7.795102],\r\n			[111.975314, -7.79302],\r\n			[111.97657, -7.793539],\r\n			[111.977076, -7.79472],\r\n			[111.977548, -7.798589],\r\n			[111.978707, -7.799928],\r\n			[111.979458, -7.800736],\r\n			[111.980167, -7.802118],\r\n			[111.980775, -7.804924],\r\n			[111.980818, -7.806752],\r\n			[111.981848, -7.8079],\r\n			[111.982235, -7.807305],\r\n			[111.983351, -7.807092],\r\n			[111.983909, -7.807092],\r\n			[111.98408, -7.806667],\r\n			[111.984638, -7.807347],\r\n			[111.984252, -7.807815],\r\n			[111.986527, -7.809643],\r\n			[111.988158, -7.810621],\r\n			[111.989489, -7.809771],\r\n			[111.990261, -7.810069],\r\n			[111.991549, -7.809686],\r\n			[111.990309, -7.811684]\r\n		]\r\n	},\r\n	"id": "207737a1-7444-4bd3-8640-54599597a181"\r\n}'),
	(10, 1, 'Bujel', 1.59, -7.8020177, 111.9805372, '{\r\n	"type": "Feature",\r\n	"properties": {\r\n		"name": "BUJEL",\r\n		"display_name": "Bujel, Kediri"\r\n	},\r\n	"geometry": {\r\n		"type": "Polygon",\r\n		"coordinates": [\r\n			[-7.802118, 111.980167],\r\n			[111.980775, -7.804924],\r\n			[111.980818, -7.806752],\r\n			[111.981848, -7.8079],\r\n			[111.982235, -7.807305],\r\n			[111.983351, -7.807092],\r\n			[111.983909, -7.807092],\r\n			[111.98408, -7.806667],\r\n			[111.984638, -7.807347],\r\n			[111.984252, -7.807815],\r\n			[111.986527, -7.809643],\r\n			[111.988158, -7.810621],\r\n			[111.989489, -7.809771],\r\n			[111.990261, -7.810069],\r\n			[111.991549, -7.809686],\r\n			[111.991807, -7.805264],\r\n			[111.992236, -7.804116],\r\n			[111.994463, -7.802713],\r\n			[111.992403, -7.8025],\r\n			[111.990091, -7.80114],\r\n			[111.990348, -7.800204],\r\n			[111.990901, -7.799227],\r\n			[111.990557, -7.798334],\r\n			[111.990128, -7.798079],\r\n			[111.989098, -7.797866],\r\n			[111.988797, -7.796888],\r\n			[111.989184, -7.79574],\r\n			[111.990085, -7.794932],\r\n			[111.988326, -7.794645],\r\n			[111.987764, -7.795697],\r\n			[111.987206, -7.797611],\r\n			[111.984716, -7.800672],\r\n			[111.982313, -7.801608]\r\n		]\r\n	},\r\n	"id": "5fca1eb5-967a-4b93-a0c3-f9886642b698"\r\n}'),
	(11, 1, 'Ngampel', 1.468, -7.7956635, 111.9950276, '{\r\n	"type": "Feature",\r\n	"properties": {\r\n		"name": "NGAMPEL",\r\n		"display_name": "Ngampel, Kediri"\r\n	},\r\n	"geometry": {\r\n		"type": "Polygon",\r\n		"coordinates": [\r\n			[-7.790075, 112.009214],\r\n			[112.009724, -7.79012],\r\n			[112.009545, -7.792647],\r\n			[112.009019, -7.793136],\r\n			[112.008042, -7.792838],\r\n			[112.006096, -7.792764],\r\n			[112.003906, -7.793572],\r\n			[112.001589, -7.794464],\r\n			[112.001116, -7.795783],\r\n			[111.997303, -7.798164],\r\n			[111.996015, -7.80063],\r\n			[111.994463, -7.802713],\r\n			[111.992403, -7.8025],\r\n			[111.990091, -7.80114],\r\n			[111.990348, -7.800204],\r\n			[111.990901, -7.799227],\r\n			[111.990557, -7.798334],\r\n			[111.990128, -7.798079],\r\n			[111.989098, -7.797866],\r\n			[111.988797, -7.796888],\r\n			[111.989184, -7.79574],\r\n			[111.990085, -7.794932],\r\n			[111.988326, -7.794645],\r\n			[111.988923, -7.793529],\r\n			[111.990382, -7.793572],\r\n			[111.991883, -7.790595],\r\n			[111.994373, -7.79068],\r\n			[111.995489, -7.789702],\r\n			[111.996605, -7.789702],\r\n			[111.998107, -7.78983],\r\n			[111.999524, -7.79051],\r\n			[112.000854, -7.79085],\r\n			[112.003988, -7.790893],\r\n			[112.005147, -7.791063],\r\n			[112.006048, -7.791446],\r\n			[112.008237, -7.79119]\r\n		]\r\n	},\r\n	"id": "24c074cc-fd71-4392-b74d-e97dad290611"\r\n}'),
	(12, 1, 'Gayam', 1.296, -7.789659, 111.9765507, '{\r\n	"type": "Feature",\r\n	"properties": {\r\n		"name": "GAYAM",\r\n		"display_name": "Gayam, Kediri"\r\n	},\r\n	"geometry": {\r\n		"type": "Polygon",\r\n		"coordinates": [\r\n			[111.990633, -7.781457],\r\n			[111.990338, -7.783239],\r\n			[111.991626, -7.786683],\r\n			[111.99081, -7.788427],\r\n			[111.991883, -7.790595],\r\n			[111.990382, -7.793572],\r\n			[111.988923, -7.793529],\r\n			[111.987764, -7.795697],\r\n			[111.987206, -7.797611],\r\n			[111.984716, -7.800672],\r\n			[111.982313, -7.801608],\r\n			[111.98124, -7.801863],\r\n			[111.980167, -7.802118],\r\n			[111.979458, -7.800736],\r\n			[111.978707, -7.799928],\r\n			[111.977548, -7.798589],\r\n			[111.977205, -7.795953],\r\n			[111.977076, -7.79472],\r\n			[111.97657, -7.793539],\r\n			[111.977821, -7.792674],\r\n			[111.978649, -7.792099],\r\n			[111.978828, -7.791504],\r\n			[111.979164, -7.790724],\r\n			[111.97953, -7.790182],\r\n			[111.979988, -7.7898],\r\n			[111.980514, -7.789465],\r\n			[111.981094, -7.789235],\r\n			[111.981636, -7.788964],\r\n			[111.981994, -7.788596],\r\n			[111.982261, -7.788133],\r\n			[111.982505, -7.787364],\r\n			[111.982613, -7.786976],\r\n			[111.982696, -7.786679],\r\n			[111.982902, -7.785766],\r\n			[111.983085, -7.784914],\r\n			[111.983329, -7.783295],\r\n			[111.983429, -7.781677],\r\n			[111.98349, -7.78093],\r\n			[111.983886, -7.78095],\r\n			[111.984344, -7.781031],\r\n			[111.984825, -7.781072],\r\n			[111.985496, -7.781195],\r\n			[111.986302, -7.781224]\r\n		]\r\n	},\r\n	"id": "e7d159e4-4b91-40cc-b416-efdd5ea741ac"\r\n}'),
	(13, 1, 'Mrican', 1.109, -7.785485, 111.9953551, '{\r\n	"type": "Feature",\r\n	"properties": {\r\n		"name": "MRICAN",\r\n		"display_name": "Mrican, Kediri"\r\n	},\r\n	"geometry": {\r\n		"type": "Polygon",\r\n		"coordinates": [\r\n			[-7.782843, 112.006195],\r\n			[112.002616, -7.781326],\r\n			[111.999139, -7.782474],\r\n			[111.996649, -7.781198],\r\n			[111.996392, -7.780263],\r\n			[111.993516, -7.779327],\r\n			[111.99173, -7.777362],\r\n			[111.990633, -7.781457],\r\n			[111.990338, -7.783239],\r\n			[111.991626, -7.786683],\r\n			[111.99081, -7.788427],\r\n			[111.991883, -7.790595],\r\n			[111.994373, -7.79068],\r\n			[111.995489, -7.789702],\r\n			[111.996605, -7.789702],\r\n			[111.998107, -7.78983],\r\n			[111.999524, -7.79051],\r\n			[112.000854, -7.79085],\r\n			[112.003988, -7.790893],\r\n			[112.005147, -7.791063],\r\n			[112.006048, -7.791446],\r\n			[112.008237, -7.79119],\r\n			[112.009214, -7.790075],\r\n			[112.009109, -7.789189],\r\n			[112.008728, -7.788031],\r\n			[112.008835, -7.785831]\r\n		]\r\n	},\r\n	"id": "5fd3d869-1854-4e05-8b43-c2c437bcdb01"\r\n}'),
	(14, 1, 'Dermo', 0.657, -7.776957, 111.9944361, '{\r\n	"type": "Feature",\r\n	"properties": {\r\n		"name": "DERMO",\r\n		"display_name": "Dermo, Kediri"\r\n	},\r\n	"geometry": {\r\n		"type": "Polygon",\r\n		"coordinates": [\r\n			[-7.777362, 111.99173],\r\n			[111.993516, -7.779327],\r\n			[111.996392, -7.780263],\r\n			[111.996649, -7.781198],\r\n			[111.999139, -7.782474],\r\n			[112.002616, -7.781326],\r\n			[112.003431, -7.781624],\r\n			[112.006195, -7.782843],\r\n			[112.005959, -7.779669],\r\n			[112.006317, -7.776985],\r\n			[112.005363, -7.772608],\r\n			[112.003456, -7.771712],\r\n			[112.002835, -7.771528],\r\n			[112.001289, -7.771071],\r\n			[111.999357, -7.771702],\r\n			[111.998588, -7.771568],\r\n			[111.997375, -7.771506],\r\n			[111.997265, -7.77158],\r\n			[111.996427, -7.774313],\r\n			[111.992599, -7.775538]\r\n		]\r\n	},\r\n	"id": "5846be4f-cb94-4efc-9d97-27d4dd4b24c1"\r\n}'),
	(15, 2, 'Manisrenggo', 1.764, -7.8528874, 112.0000432, '{\r\n	"type": "Feature",\r\n	"properties": {\r\n		"name": "MANISRENGGO",\r\n		"display_name": "Manisrenggo, Kediri"\r\n	},\r\n	"geometry": {\r\n		"type": "Polygon",\r\n		"coordinates": [\r\n			[-7.861485, 112.017242],\r\n			[112.016784, -7.857005],\r\n			[112.016827, -7.853434],\r\n			[112.017385, -7.851988],\r\n			[112.018201, -7.852201],\r\n			[112.018329, -7.851266],\r\n			[112.012964, -7.849013],\r\n			[112.01305, -7.847397],\r\n			[112.012234, -7.846887],\r\n			[112.012706, -7.845782],\r\n			[112.008972, -7.843868],\r\n			[112.008371, -7.842508],\r\n			[112.007169, -7.842891],\r\n			[112.006568, -7.843953],\r\n			[112.006053, -7.843528],\r\n			[112.004264, -7.845635],\r\n			[112.004379, -7.846184],\r\n			[112.002708, -7.848889],\r\n			[112.000771, -7.85165],\r\n			[111.999875, -7.85268],\r\n			[112.003725, -7.854268],\r\n			[112.006813, -7.855245],\r\n			[112.008896, -7.855831],\r\n			[112.009666, -7.856048],\r\n			[112.010339, -7.856102],\r\n			[112.010635, -7.85602],\r\n			[112.011298, -7.855743],\r\n			[112.011223, -7.855927],\r\n			[112.010765, -7.858348],\r\n			[112.010704, -7.859794],\r\n			[112.010963, -7.861764],\r\n			[112.01413, -7.861382]\r\n		]\r\n	},\r\n	"id": "65dbf9d9-d885-441a-91f1-0bc924523bc2"\r\n}'),
	(16, 2, 'Rejomulyo', 1.67, -7.8559764, 112.0135947, '{\r\n	"type": "Feature",\r\n	"properties": {\r\n		"name": "REJOMULYO",\r\n		"display_name": "Rejomulyo, Kediri"\r\n	},\r\n	"geometry": {\r\n		"type": "Polygon",\r\n		"coordinates": [\r\n			[112.018329, -7.851266],\r\n			[112.019489, -7.848715],\r\n			[112.017171, -7.847695],\r\n			[112.018759, -7.843486],\r\n			[112.020605, -7.844294],\r\n			[112.024039, -7.845101],\r\n			[112.024983, -7.845824],\r\n			[112.024511, -7.847482],\r\n			[112.025713, -7.847737],\r\n			[112.025842, -7.848545],\r\n			[112.026958, -7.848928],\r\n			[112.028417, -7.851351],\r\n			[112.029362, -7.851691],\r\n			[112.029362, -7.853349],\r\n			[112.029061, -7.855687],\r\n			[112.025584, -7.854412],\r\n			[112.024683, -7.856325],\r\n			[112.023996, -7.85743],\r\n			[112.021378, -7.864232],\r\n			[112.020474, -7.867308],\r\n			[112.019989, -7.866986],\r\n			[112.019745, -7.864985],\r\n			[112.018974, -7.862638],\r\n			[112.017242, -7.861485],\r\n			[112.016784, -7.857005],\r\n			[112.016827, -7.853434],\r\n			[112.017385, -7.851988],\r\n			[112.018201, -7.852201]\r\n		]\r\n	},\r\n	"id": "9683ee82-5d37-4b90-af31-a079362b6e6e"\r\n}'),
	(17, 2, 'Ngronggo', 2.585, -7.8434304, 112.0118592, '{\r\n	"type": "Feature",\r\n	"properties": {\r\n		"name": "NGRONGGO",\r\n		"display_name": "Ngronggo, Kediri"\r\n	},\r\n	"geometry": {\r\n		"type": "Polygon",\r\n		"coordinates": [\r\n			[112.00873, -7.831667],\r\n			[112.010963, -7.831752],\r\n			[112.011822, -7.836258],\r\n			[112.014655, -7.836769],\r\n			[112.015341, -7.836173],\r\n			[112.02198, -7.838809],\r\n			[112.021723, -7.839787],\r\n			[112.024255, -7.840722],\r\n			[112.030007, -7.842295],\r\n			[112.030136, -7.843401],\r\n			[112.030608, -7.843613],\r\n			[112.030479, -7.845824],\r\n			[112.032153, -7.846377],\r\n			[112.033312, -7.846887],\r\n			[112.033484, -7.848035],\r\n			[112.034342, -7.848332],\r\n			[112.034342, -7.849565],\r\n			[112.037605, -7.851691],\r\n			[112.037605, -7.853221],\r\n			[112.037047, -7.854284],\r\n			[112.035244, -7.853774],\r\n			[112.034385, -7.852881],\r\n			[112.030951, -7.851733],\r\n			[112.03078, -7.852541],\r\n			[112.029362, -7.851691],\r\n			[112.028417, -7.851351],\r\n			[112.026958, -7.848928],\r\n			[112.025842, -7.848545],\r\n			[112.025713, -7.847737],\r\n			[112.024511, -7.847482],\r\n			[112.024983, -7.845824],\r\n			[112.024039, -7.845101],\r\n			[112.020605, -7.844294],\r\n			[112.018759, -7.843486],\r\n			[112.017171, -7.847695],\r\n			[112.019489, -7.848715],\r\n			[112.018329, -7.851266],\r\n			[112.012964, -7.849013],\r\n			[112.01305, -7.847397],\r\n			[112.012234, -7.846887],\r\n			[112.012706, -7.845782],\r\n			[112.008972, -7.843868],\r\n			[112.008371, -7.842508],\r\n			[112.007169, -7.842891],\r\n			[112.006568, -7.843953],\r\n			[112.006053, -7.843528],\r\n			[112.004264, -7.845635],\r\n			[112.003609, -7.842511],\r\n			[112.005768, -7.840552],\r\n			[112.007399, -7.836854],\r\n			[112.008043, -7.83375]\r\n		]\r\n	},\r\n	"id": "3218a45a-a1d2-4a32-988f-a60c5c30cceb"\r\n}'),
	(18, 2, 'Kaliombo', 0.958, -7.8338395, 112.0127606, '{\r\n	"type": "Feature",\r\n	"properties": {\r\n		"name": "KALIOMBO",\r\n		"display_name": "Kaliombo, Kediri"\r\n	},\r\n	"geometry": {\r\n		"type": "Polygon",\r\n		"coordinates": [\r\n			[112.009459, -7.829201],\r\n			[112.015234, -7.830391],\r\n			[112.015792, -7.830264],\r\n			[112.016863, -7.830689],\r\n			[112.016692, -7.833622],\r\n			[112.022615, -7.835791],\r\n			[112.020727, -7.835961],\r\n			[112.019611, -7.835621],\r\n			[112.01922, -7.837713],\r\n			[112.015341, -7.836173],\r\n			[112.014655, -7.836769],\r\n			[112.011822, -7.836258],\r\n			[112.010963, -7.831752],\r\n			[112.00873, -7.831667]\r\n		]\r\n	},\r\n	"id": "02ff1b1d-d725-411e-ae6b-f654c5b79ec3"\r\n}'),
	(19, 2, 'Kampungdalem', 0.332, -7.8265535, 112.0113433, '{\r\n	"type": "Feature",\r\n	"properties": {\r\n		"name": "KAMPUNG DALEM",\r\n		"display_name": "Kampung Dalem, Kediri"\r\n	},\r\n	"geometry": {\r\n		"type": "Polygon",\r\n		"coordinates": [\r\n			[112.009368, -7.823291],\r\n			[112.01139, -7.823227],\r\n			[112.016348, -7.825715],\r\n			[112.016262, -7.827373],\r\n			[112.017686, -7.827519],\r\n			[112.017291, -7.829222],\r\n			[112.016883, -7.830094],\r\n			[112.016863, -7.830689],\r\n			[112.015792, -7.830264],\r\n			[112.015234, -7.830391],\r\n			[112.011715, -7.829669],\r\n			[112.009459, -7.829201],\r\n			[112.00984, -7.827203]\r\n		]\r\n	},\r\n	"id": "a6765ee5-fc03-4786-a242-6c66e7af4c8b"\r\n}'),
	(20, 2, 'Setonopande', 0.383, -7.8240365, 112.0127888, '{\r\n	"type": "Feature",\r\n	"properties": {\r\n		"name": "SETONOPANDE",\r\n		"display_name": "Setonopande, Kediri"\r\n	},\r\n	"geometry": {\r\n		"type": "Polygon",\r\n		"coordinates": [\r\n			[-7.82074, 112.011942],\r\n			[112.01139, -7.823227],\r\n			[112.016348, -7.825715],\r\n			[112.016262, -7.827373],\r\n			[112.017686, -7.827519],\r\n			[112.018658, -7.822716]\r\n		]\r\n	},\r\n	"id": "53349d90-3b91-4a0e-aef1-7d6ca3586acf"\r\n}'),
	(21, 2, 'Ringinanom', 0.05, -7.822169, 112.0092462, '{\r\n	"type": "Feature",\r\n	"properties": {\r\n		"name": "RINGINANOM",\r\n		"display_name": "Ringinanom, Kediri"\r\n	},\r\n	"geometry": {\r\n		"type": "Polygon",\r\n		"coordinates": [\r\n			[112.008512, -7.820017],\r\n			[112.008571, -7.821038],\r\n			[112.009368, -7.823291],\r\n			[112.01139, -7.823227],\r\n			[112.011942, -7.82074]\r\n		]\r\n	},\r\n	"id": "43c3d79c-57b4-4116-bead-883a5a3ff0a3"\r\n}'),
	(22, 2, 'Pakelan', 0.214, -7.8171645, 112.0068816, '{\r\n	"type": "Feature",\r\n	"properties": {\r\n		"name": "PAKELAN",\r\n		"display_name": "Pakelan, Kediri"\r\n	},\r\n	"geometry": {\r\n		"type": "Polygon",\r\n		"coordinates": [\r\n			[112.008333, -7.813087],\r\n			[112.008204, -7.814703],\r\n			[112.008512, -7.820017],\r\n			[112.011942, -7.82074],\r\n			[112.012457, -7.819167],\r\n			[112.010246, -7.818657],\r\n			[112.010182, -7.817828],\r\n			[112.010847, -7.815213],\r\n			[112.013705, -7.815991],\r\n			[112.014358, -7.814214]\r\n		]\r\n	},\r\n	"id": "39c662f9-5354-4723-a6d7-c505852a4bcc"\r\n}'),
	(23, 2, 'Setonogedong', 0.059, -7.8167804, 112.0111042, '{\r\n	"type": "Feature",\r\n	"properties": {\r\n		"name": "SETONOGEDONG",\r\n		"display_name": "Setonogedong, Kediri"\r\n	},\r\n	"geometry": {\r\n		"type": "Polygon",\r\n		"coordinates": [\r\n			[112.013705, -7.815991],\r\n			[112.010847, -7.815213],\r\n			[112.010182, -7.817828],\r\n			[112.010246, -7.818657],\r\n			[112.012457, -7.819167],\r\n			[112.012914, -7.818147]\r\n		]\r\n	},\r\n	"id": "bb0f9c96-8235-4596-9ee7-e65b6ad4336e"\r\n}'),
	(24, 2, 'Kemasan', 0.228, -7.818918, 112.0138383, '{\r\n	"type": "Feature",\r\n	"properties": {\r\n		"name": "KEMASAN",\r\n		"display_name": "Kemasan, Kediri"\r\n	},\r\n	"geometry": {\r\n		"type": "Polygon",\r\n		"coordinates": [\r\n			[112.012457, -7.819167],\r\n			[112.018968, -7.821123],\r\n			[112.019222, -7.819465],\r\n			[112.012914, -7.818147]\r\n		]\r\n	},\r\n	"id": "2ec2bda7-35bc-476f-9587-d1c56bc0e3c6"\r\n}'),
	(25, 2, 'Jagalan', 0.043, -7.8207049, 112.0134309, '{\r\n	"type": "Feature",\r\n	"properties": {\r\n		"name": "JAGALAN",\r\n		"display_name": "Jagalan, Kediri"\r\n	},\r\n	"geometry": {\r\n		"type": "Polygon",\r\n		"coordinates": [\r\n			[112.012457, -7.819167],\r\n			[112.011942, -7.82074],\r\n			[112.018658, -7.822716],\r\n			[112.018968, -7.821123]\r\n		]\r\n	},\r\n	"id": "6ccbfed4-57e8-4189-97a6-f1e3d3dd45c4"\r\n}'),
	(26, 2, 'Banjaran', 1.209, -7.8175133, 112.0230906, '{\r\n	"type": "Feature",\r\n	"properties": {\r\n		"name": "BANJARAN",\r\n		"display_name": "Banjaran, Kediri"\r\n	},\r\n	"geometry": {\r\n		"type": "Polygon",\r\n		"coordinates": [\r\n			[112.019222, -7.819465],\r\n			[112.018968, -7.821123],\r\n			[112.021844, -7.821591],\r\n			[112.02193, -7.822696],\r\n			[112.024248, -7.823291],\r\n			[112.025922, -7.823631],\r\n			[112.026351, -7.822228],\r\n			[112.027124, -7.821123],\r\n			[112.028154, -7.82108],\r\n			[112.02927, -7.818955],\r\n			[112.032403, -7.820145],\r\n			[112.033294, -7.818812],\r\n			[112.033752, -7.817885],\r\n			[112.034057, -7.817173],\r\n			[112.034446, -7.81638],\r\n			[112.034568, -7.816059],\r\n			[112.034817, -7.815559],\r\n			[112.035028, -7.81503],\r\n			[112.035609, -7.813371],\r\n			[112.035707, -7.813082],\r\n			[112.035835, -7.81283],\r\n			[112.031993, -7.811269],\r\n			[112.031829, -7.811694],\r\n			[112.031753, -7.811877],\r\n			[112.031311, -7.813023],\r\n			[112.031196, -7.813335],\r\n			[112.031127, -7.813504],\r\n			[112.031083, -7.81365],\r\n			[112.030915, -7.814134],\r\n			[112.030554, -7.815043],\r\n			[112.025876, -7.813342],\r\n			[112.024588, -7.816829],\r\n			[112.020897, -7.818785],\r\n			[112.020553, -7.819677]\r\n		]\r\n	},\r\n	"id": "0496b1f7-abc1-4557-91e2-3d9a1f1da988"\r\n}'),
	(27, 2, 'Ngadirejo', 1.47, -7.8107375, 112.0209237, '{\r\n	"type": "Feature",\r\n	"properties": {\r\n		"name": "NGADIREJO",\r\n		"display_name": "Ngadirejo, Kediri"\r\n	},\r\n	"geometry": {\r\n		"type": "Polygon",\r\n		"coordinates": [\r\n			[112.019222, -7.819465],\r\n			[112.020553, -7.819677],\r\n			[112.020897, -7.818785],\r\n			[112.024588, -7.816829],\r\n			[112.025876, -7.813342],\r\n			[112.030554, -7.815043],\r\n			[112.030915, -7.814134],\r\n			[112.030327, -7.813746],\r\n			[112.029427, -7.811574],\r\n			[112.029388, -7.808287],\r\n			[112.028595, -7.806197],\r\n			[112.026093, -7.804458],\r\n			[112.023558, -7.810111],\r\n			[112.022828, -7.810111],\r\n			[112.022442, -7.812535],\r\n			[112.020768, -7.812237]\r\n		]\r\n	},\r\n	"id": "f8655c85-dc74-4c03-a7b5-1ddf0c2c363d"\r\n}'),
	(28, 2, 'Dandangan', 1.1, -7.8080724, 112.0120147, '{\r\n	"type": "Feature",\r\n	"properties": {\r\n		"name": "DANDANGAN",\r\n		"display_name": "Dandangan, Kediri"\r\n	},\r\n	"geometry": {\r\n		"type": "Polygon",\r\n		"coordinates": [\r\n			[112.015532, -7.818657],\r\n			[112.019222, -7.819465],\r\n			[112.020768, -7.812237],\r\n			[112.022442, -7.812535],\r\n			[112.022828, -7.810111],\r\n			[112.023558, -7.810111],\r\n			[112.026093, -7.804458],\r\n			[112.024841, -7.802661],\r\n			[112.024485, -7.799588],\r\n			[112.023492, -7.799294],\r\n			[112.021039, -7.798126],\r\n			[112.020615, -7.797991],\r\n			[112.020012, -7.797897],\r\n			[112.017292, -7.808751]\r\n		]\r\n	},\r\n	"id": "8db0e51c-193f-4686-9738-4ec10cfa70c3"\r\n}'),
	(29, 2, 'Balowerti', 0.83, -7.8067817, 112.0067677, '{\r\n	"type": "Feature",\r\n	"properties": {\r\n		"name": "BALOWERTI",\r\n		"display_name": "Balowerti, Kediri"\r\n	},\r\n	"geometry": {\r\n		"type": "Polygon",\r\n		"coordinates": [\r\n			[-7.810876, 112.010812],\r\n			[112.015318, -7.811599],\r\n			[112.012914, -7.818147],\r\n			[112.015532, -7.818657],\r\n			[112.017292, -7.808751],\r\n			[112.018751, -7.802543],\r\n			[112.01997, -7.79788],\r\n			[112.019314, -7.797625],\r\n			[112.018546, -7.797136],\r\n			[112.015968, -7.79574],\r\n			[112.014761, -7.799227],\r\n			[112.013559, -7.799056],\r\n			[112.011842, -7.804711],\r\n			[112.010898, -7.805434]\r\n		]\r\n	},\r\n	"id": "a9b33a12-d730-40fa-9e56-0c57a05c6e96"\r\n}'),
	(30, 2, 'Pocanan', 0.214, -7.8126155, 112.0095544, '{\r\n	"type": "Feature",\r\n	"properties": {\r\n		"name": "POCANAN",\r\n		"display_name": "Pocanan, Kediri"\r\n	},\r\n	"geometry": {\r\n		"type": "Polygon",\r\n		"coordinates": [\r\n			[112.009148, -7.810706],\r\n			[112.008333, -7.813087],\r\n			[112.014357, -7.814217],\r\n			[112.015318, -7.811599],\r\n			[112.010812, -7.810876]\r\n		]\r\n	},\r\n	"id": "b56b9e1b-dc9e-4267-899f-bf7d9fb87a98"\r\n}'),
	(31, 2, 'Semampir', 1.791, -7.8004249, 112.0036392, '{\r\n	"type": "Feature",\r\n	"properties": {\r\n		"name": "SEMAMPIR",\r\n		"display_name": "Semampir, Kediri"\r\n	},\r\n	"geometry": {\r\n		"type": "Polygon",\r\n		"coordinates": [\r\n			[112.009148, -7.810706],\r\n			[112.010812, -7.810876],\r\n			[112.010898, -7.805434],\r\n			[112.011842, -7.804711],\r\n			[112.013559, -7.799056],\r\n			[112.014761, -7.799227],\r\n			[112.015968, -7.79574],\r\n			[112.016012, -7.795196],\r\n			[112.015964, -7.791595],\r\n			[112.013628, -7.790628],\r\n			[112.010922, -7.789782],\r\n			[112.010671, -7.789743],\r\n			[112.010615, -7.790201],\r\n			[112.009724, -7.79012],\r\n			[112.009545, -7.792647],\r\n			[112.009664, -7.793912],\r\n			[112.010007, -7.7954],\r\n			[112.009835, -7.798693],\r\n			[112.0096, -7.803069],\r\n			[112.009535, -7.804286],\r\n			[112.009406, -7.808368]\r\n		]\r\n	},\r\n	"id": "38a71f66-1dd6-4de7-bfe9-5f80d140efbc"\r\n}'),
	(32, 3, 'Blabak', 3.354, -7.8784027, 112.0193351, '{\r\n	"type": "Feature",\r\n	"properties": {\r\n		"name": "BLABAK",\r\n		"display_name": "Blabak, Kediri"\r\n	},\r\n	"geometry": {\r\n		"type": "Polygon",\r\n		"coordinates": [\r\n			[112.037047, -7.854284],\r\n			[112.038922, -7.855134],\r\n			[112.048108, -7.859428],\r\n			[112.048838, -7.859131],\r\n			[112.051242, -7.860959],\r\n			[112.051156, -7.861596],\r\n			[112.058026, -7.865129],\r\n			[112.05795, -7.865436],\r\n			[112.057629, -7.865597],\r\n			[112.056598, -7.865576],\r\n			[112.056737, -7.866125],\r\n			[112.056693, -7.866948],\r\n			[112.056465, -7.867611],\r\n			[112.055736, -7.869319],\r\n			[112.055737, -7.86951],\r\n			[112.05538, -7.870357],\r\n			[112.05541, -7.870588],\r\n			[112.055663, -7.870747],\r\n			[112.055737, -7.871458],\r\n			[112.051552, -7.868902],\r\n			[112.050591, -7.868439],\r\n			[112.047577, -7.867766],\r\n			[112.044792, -7.870265],\r\n			[112.042412, -7.871709],\r\n			[112.038979, -7.871233],\r\n			[112.036457, -7.870695],\r\n			[112.033127, -7.87003],\r\n			[112.029129, -7.869408],\r\n			[112.025467, -7.869045],\r\n			[112.02224, -7.868484],\r\n			[112.020859, -7.867563],\r\n			[112.020488, -7.867318],\r\n			[112.021378, -7.864232],\r\n			[112.023996, -7.85743],\r\n			[112.024683, -7.856325],\r\n			[112.025584, -7.854412],\r\n			[112.029061, -7.855687],\r\n			[112.029362, -7.853349],\r\n			[112.029362, -7.851691],\r\n			[112.03078, -7.852541],\r\n			[112.030951, -7.851733],\r\n			[112.034385, -7.852881],\r\n			[112.035244, -7.853774]\r\n		]\r\n	},\r\n	"id": "1ed27b3b-9227-4d28-a8f5-24a1dbc250e7"\r\n}'),
	(33, 3, 'Bawang', 3.449, -7.8618311, 112.0530077, '{\r\n	"type": "Feature",\r\n	"properties": {\r\n		"name": "BAWANG",\r\n		"display_name": "Bawang, Kediri"\r\n	},\r\n	"geometry": {\r\n		"type": "Polygon",\r\n		"coordinates": [\r\n			[112.048838, -7.859131],\r\n			[112.050341, -7.855475],\r\n			[112.049912, -7.855134],\r\n			[112.0515, -7.851266],\r\n			[112.052487, -7.852031],\r\n			[112.054891, -7.852371],\r\n			[112.05605, -7.854582],\r\n			[112.058024, -7.854284],\r\n			[112.061759, -7.855432],\r\n			[112.064248, -7.853902],\r\n			[112.06522, -7.85217],\r\n			[112.06586, -7.85334],\r\n			[112.06653, -7.85405],\r\n			[112.06658, -7.85417],\r\n			[112.06652, -7.85442],\r\n			[112.06639, -7.85473],\r\n			[112.06637, -7.85492],\r\n			[112.06656, -7.8556],\r\n			[112.066627, -7.856015],\r\n			[112.066372, -7.857634],\r\n			[112.066018, -7.858537],\r\n			[112.065915, -7.859631],\r\n			[112.065918, -7.860404],\r\n			[112.067067, -7.861282],\r\n			[112.068274, -7.862285],\r\n			[112.069233, -7.863151],\r\n			[112.07057, -7.864742],\r\n			[112.070891, -7.865076],\r\n			[112.071586, -7.866257],\r\n			[112.072166, -7.866511],\r\n			[112.072559, -7.866788],\r\n			[112.072381, -7.867278],\r\n			[112.073005, -7.867571],\r\n			[112.073742, -7.868064],\r\n			[112.073556, -7.868591],\r\n			[112.072994, -7.869876],\r\n			[112.073262, -7.870026],\r\n			[112.072392, -7.872757],\r\n			[112.071831, -7.872829],\r\n			[112.071509, -7.872692],\r\n			[112.071454, -7.872838],\r\n			[112.070968, -7.872851],\r\n			[112.070183, -7.872586],\r\n			[112.070003, -7.872879],\r\n			[112.070141, -7.872971],\r\n			[112.069366, -7.874664],\r\n			[112.069281, -7.874991],\r\n			[112.069014, -7.874912],\r\n			[112.068524, -7.873555],\r\n			[112.06849, -7.872876],\r\n			[112.067352, -7.871553],\r\n			[112.066663, -7.868778],\r\n			[112.065246, -7.867753],\r\n			[112.064514, -7.867303],\r\n			[112.063133, -7.866777],\r\n			[112.062248, -7.866401],\r\n			[112.06118, -7.865887],\r\n			[112.060191, -7.865545],\r\n			[112.059355, -7.865315],\r\n			[112.058026, -7.865129],\r\n			[112.051156, -7.861596],\r\n			[112.051242, -7.860959]\r\n		]\r\n	},\r\n	"id": "8c2fe231-978e-4c7d-98c3-6087fe5b2cc3"\r\n}'),
	(34, 3, 'Betet', 1.691, -7.8516151, 112.0340143, '{\r\n	"type": "Feature",\r\n	"properties": {\r\n		"name": "BETET",\r\n		"display_name": "Betet, Kediri"\r\n	},\r\n	"geometry": {\r\n		"type": "Polygon",\r\n		"coordinates": [\r\n			[112.033312, -7.846887],\r\n			[112.033992, -7.844421],\r\n			[112.034979, -7.844676],\r\n			[112.03558, -7.84255],\r\n			[112.036267, -7.842678],\r\n			[112.036739, -7.841488],\r\n			[112.038713, -7.842125],\r\n			[112.039572, -7.842083],\r\n			[112.040774, -7.842593],\r\n			[112.041031, -7.843486],\r\n			[112.043092, -7.844549],\r\n			[112.044208, -7.844889],\r\n			[112.044896, -7.844602],\r\n			[112.045133, -7.844049],\r\n			[112.045752, -7.843741],\r\n			[112.043992, -7.848672],\r\n			[112.046138, -7.849778],\r\n			[112.046095, -7.851988],\r\n			[112.047555, -7.853179],\r\n			[112.050299, -7.854192],\r\n			[112.049912, -7.855134],\r\n			[112.050341, -7.855475],\r\n			[112.048838, -7.859131],\r\n			[112.048108, -7.859428],\r\n			[112.037047, -7.854284],\r\n			[112.037605, -7.853221],\r\n			[112.037605, -7.851691],\r\n			[112.034342, -7.849565],\r\n			[112.034342, -7.848332],\r\n			[112.033484, -7.848035]\r\n		]\r\n	},\r\n	"id": "bdeafeaa-1554-493c-9c7d-48f8989a20b0"\r\n}'),
	(35, 3, 'Tosaren', 1.361, -7.8437189, 112.0181998, '{\r\n	"type": "Feature",\r\n	"properties": {\r\n		"name": "TOSAREN",\r\n		"display_name": "Tosaren, Kediri"\r\n	},\r\n	"geometry": {\r\n		"type": "Polygon",\r\n		"coordinates": [\r\n			[-7.835791, 112.022615],\r\n			[112.016692, -7.833622],\r\n			[112.016863, -7.830689],\r\n			[112.016883, -7.830094],\r\n			[112.017291, -7.829222],\r\n			[112.01993, -7.82969],\r\n			[112.020789, -7.830285],\r\n			[112.020875, -7.829413],\r\n			[112.022892, -7.829307],\r\n			[112.025189, -7.829456],\r\n			[112.028859, -7.829987],\r\n			[112.030211, -7.830009],\r\n			[112.031301, -7.829828],\r\n			[112.032106, -7.830041],\r\n			[112.031367, -7.833665],\r\n			[112.031627, -7.838172],\r\n			[112.029612, -7.837449],\r\n			[112.027509, -7.836896],\r\n			[112.025835, -7.837236]\r\n		]\r\n	},\r\n	"id": "a5119aac-66da-4168-aca9-9235adf154f8"\r\n}'),
	(36, 3, 'Banaran', 0.974, -7.8341272, 112.0332002, '{\r\n	"type": "Feature",\r\n	"properties": {\r\n		"name": "BANARAN",\r\n		"display_name": "Banaran, Kediri"\r\n	},\r\n	"geometry": {\r\n		"type": "Polygon",\r\n		"coordinates": [\r\n			[112.031501, -7.828095],\r\n			[112.031301, -7.829828],\r\n			[112.032106, -7.830041],\r\n			[112.031367, -7.833665],\r\n			[112.03156, -7.836535],\r\n			[112.031627, -7.838172],\r\n			[112.032488, -7.839022],\r\n			[112.033389, -7.839957],\r\n			[112.03399, -7.840127],\r\n			[112.035789, -7.840935],\r\n			[112.036647, -7.838384],\r\n			[112.037463, -7.838129],\r\n			[112.03948, -7.838809],\r\n			[112.040768, -7.835025],\r\n			[112.042747, -7.83494],\r\n			[112.043785, -7.832439],\r\n			[112.034677, -7.829711],\r\n			[112.034033, -7.828903]\r\n		]\r\n	},\r\n	"id": "92d8dc69-0158-433c-ada4-e24c6ee5041d"\r\n}'),
	(37, 3, 'Ngletih', 1.237, -7.8471835, 112.0545366, '{\r\n	"type": "Feature",\r\n	"properties": {\r\n		"name": "NGLETIH",\r\n		"display_name": "Ngletih, Kediri"\r\n	},\r\n	"geometry": {\r\n		"type": "Polygon",\r\n		"coordinates": [\r\n			[-7.859131, 112.048838],\r\n			[112.050341, -7.855475],\r\n			[112.049912, -7.855134],\r\n			[112.0515, -7.851266],\r\n			[112.052487, -7.852031],\r\n			[112.054891, -7.852371],\r\n			[112.05605, -7.854582],\r\n			[112.058024, -7.854284],\r\n			[112.061759, -7.855432],\r\n			[112.064248, -7.853902],\r\n			[112.06522, -7.85217],\r\n			[112.065186, -7.851978],\r\n			[112.067741, -7.852074],\r\n			[112.068322, -7.852477],\r\n			[112.068674, -7.851782],\r\n			[112.068818, -7.851425],\r\n			[112.069083, -7.850847],\r\n			[112.068408, -7.850526],\r\n			[112.068105, -7.850665],\r\n			[112.0667, -7.849868],\r\n			[112.065833, -7.849221],\r\n			[112.065544, -7.848967],\r\n			[112.065403, -7.848778],\r\n			[112.065047, -7.848496],\r\n			[112.064805, -7.848168],\r\n			[112.063201, -7.847525],\r\n			[112.062814, -7.846929],\r\n			[112.062385, -7.846929],\r\n			[112.057148, -7.844166],\r\n			[112.0548, -7.843039],\r\n			[112.054242, -7.843124],\r\n			[112.052825, -7.842699],\r\n			[112.050443, -7.841594],\r\n			[112.050529, -7.842274],\r\n			[112.048707, -7.847014],\r\n			[112.048063, -7.847142],\r\n			[112.047891, -7.84812],\r\n			[112.049136, -7.8488],\r\n			[112.04905, -7.84982],\r\n			[112.050681, -7.850671],\r\n			[112.0515, -7.851266]\r\n		]\r\n	},\r\n	"id": "6a060c29-63ae-4f33-a668-a4928dd86a9c"\r\n}'),
	(38, 3, 'Tempurejo', 1.864, -7.8428354, 112.0603746, '{\r\n	"type": "Feature",\r\n	"properties": {\r\n		"name": "TEMPUREJO",\r\n		"display_name": "Tempurejo, Kediri"\r\n	},\r\n	"geometry": {\r\n		"type": "Polygon",\r\n		"coordinates": [\r\n			[112.080433, -7.845811],\r\n			[112.080395, -7.8458],\r\n			[112.08036, -7.845933],\r\n			[112.080246, -7.846252],\r\n			[112.080036, -7.847011],\r\n			[112.078695, -7.84657],\r\n			[112.078495, -7.847121],\r\n			[112.078294, -7.847524],\r\n			[112.078067, -7.848039],\r\n			[112.077967, -7.848329],\r\n			[112.077586, -7.849167],\r\n			[112.07749, -7.849148],\r\n			[112.077013, -7.84898],\r\n			[112.076537, -7.84876],\r\n			[112.076052, -7.848572],\r\n			[112.074865, -7.848082],\r\n			[112.074542, -7.84793],\r\n			[112.073844, -7.847534],\r\n			[112.072814, -7.847011],\r\n			[112.07227, -7.84686],\r\n			[112.072116, -7.846665],\r\n			[112.072124, -7.846479],\r\n			[112.072209, -7.84625],\r\n			[112.072204, -7.846088],\r\n			[112.07164, -7.84582],\r\n			[112.070297, -7.845291],\r\n			[112.069534, -7.845167],\r\n			[112.068672, -7.845597],\r\n			[112.068202, -7.847046],\r\n			[112.06855, -7.847344],\r\n			[112.068184, -7.848186],\r\n			[112.067841, -7.848828],\r\n			[112.067758, -7.849045],\r\n			[112.06683, -7.84867],\r\n			[112.064805, -7.848168],\r\n			[112.063201, -7.847525],\r\n			[112.062814, -7.846929],\r\n			[112.062385, -7.846929],\r\n			[112.057148, -7.844166],\r\n			[112.059743, -7.83827],\r\n			[112.069775, -7.842465],\r\n			[112.070826, -7.8405],\r\n			[112.072461, -7.841475],\r\n			[112.072789, -7.840681],\r\n			[112.072523, -7.84054],\r\n			[112.072687, -7.840234],\r\n			[112.073101, -7.839312],\r\n			[112.073955, -7.837254],\r\n			[112.074172, -7.837357],\r\n			[112.07454, -7.836505],\r\n			[112.075677, -7.836978],\r\n			[112.075649, -7.837102],\r\n			[112.07525, -7.838284],\r\n			[112.075867, -7.838538],\r\n			[112.075945, -7.838593],\r\n			[112.076455, -7.838736],\r\n			[112.076401, -7.839056],\r\n			[112.076457, -7.839454],\r\n			[112.076912, -7.839641],\r\n			[112.076846, -7.839851],\r\n			[112.077091, -7.840094],\r\n			[112.077534, -7.840093],\r\n			[112.077756, -7.840169],\r\n			[112.078022, -7.840136],\r\n			[112.078156, -7.840257],\r\n			[112.0783, -7.840467],\r\n			[112.078307, -7.840782],\r\n			[112.078325, -7.840888],\r\n			[112.078441, -7.841082],\r\n			[112.078379, -7.841489],\r\n			[112.079187, -7.841735],\r\n			[112.079099, -7.842062],\r\n			[112.079259, -7.842194],\r\n			[112.080425, -7.842656],\r\n			[112.080662, -7.84258],\r\n			[112.080848, -7.842579],\r\n			[112.081389, -7.842675],\r\n			[112.080984, -7.844123],\r\n			[112.080845, -7.844093]\r\n		]\r\n	},\r\n	"id": "103efcbe-48db-4141-b90e-d95c9f6860d0"\r\n}'),
	(39, 3, 'Ketami', 1.894, -7.838079, 112.0586436, '{\r\n	"type": "Feature",\r\n	"properties": {\r\n		"name": "KETAMI",\r\n		"display_name": "Ketami, Kediri"\r\n	},\r\n	"geometry": {\r\n		"type": "Polygon",\r\n		"coordinates": [\r\n			[-7.834323, 112.055804],\r\n			[112.055979, -7.833954],\r\n			[112.056404, -7.834267],\r\n			[112.057907, -7.836218],\r\n			[112.060677, -7.836919],\r\n			[112.062347, -7.835642],\r\n			[112.066978, -7.836182],\r\n			[112.069458, -7.836824],\r\n			[112.070999, -7.83749],\r\n			[112.070826, -7.8405],\r\n			[112.069775, -7.842465],\r\n			[112.054957, -7.836269],\r\n			[112.055804, -7.834323]\r\n		]\r\n	},\r\n	"id": "75bb76bd-ed15-4e08-b18d-a541b9fd2ccf"\r\n}'),
	(40, 3, 'Pesantren', 1.356, -7.8468841, 112.0315204, '{\r\n	"type": "Feature",\r\n	"properties": {\r\n		"name": "PESANTREN",\r\n		"display_name": "Pesantren, Kediri"\r\n	},\r\n	"geometry": {\r\n		"type": "Polygon",\r\n		"coordinates": [\r\n			[-7.841594, 112.050443],\r\n			[112.049615, -7.84119],\r\n			[112.050087, -7.839149],\r\n			[112.050516, -7.838299],\r\n			[112.050087, -7.837534],\r\n			[112.049014, -7.837534],\r\n			[112.045666, -7.836173],\r\n			[112.042747, -7.83494],\r\n			[112.044035, -7.831837],\r\n			[112.047554, -7.833155],\r\n			[112.048725, -7.829966],\r\n			[112.048958, -7.830023],\r\n			[112.049127, -7.830134],\r\n			[112.049165, -7.830221],\r\n			[112.049411, -7.830576],\r\n			[112.04936, -7.830773],\r\n			[112.049361, -7.831017],\r\n			[112.049409, -7.831321],\r\n			[112.049532, -7.831706],\r\n			[112.049686, -7.831831],\r\n			[112.050046, -7.831202],\r\n			[112.051116, -7.831682],\r\n			[112.051288, -7.830855],\r\n			[112.051145, -7.830525],\r\n			[112.05109, -7.830251],\r\n			[112.051362, -7.829619],\r\n			[112.052158, -7.829866],\r\n			[112.052996, -7.83021],\r\n			[112.052548, -7.831334],\r\n			[112.054772, -7.832272],\r\n			[112.055163, -7.832465],\r\n			[112.055089, -7.83272],\r\n			[112.055306, -7.832812],\r\n			[112.055206, -7.833008],\r\n			[112.054447, -7.832934],\r\n			[112.054195, -7.833509],\r\n			[112.054457, -7.833651],\r\n			[112.054799, -7.833787],\r\n			[112.055007, -7.833866],\r\n			[112.055327, -7.834062],\r\n			[112.05565, -7.834219],\r\n			[112.055804, -7.834323],\r\n			[112.054957, -7.836269],\r\n			[112.059743, -7.83827],\r\n			[112.057148, -7.844166],\r\n			[112.0548, -7.843039],\r\n			[112.054242, -7.843124],\r\n			[112.052825, -7.842699]\r\n		]\r\n	},\r\n	"id": "1e64a714-f8af-4365-943b-018733783485"\r\n}'),
	(41, 3, 'Bangsal', 1.029, -7.8285488, 112.0345286, '{\r\n	"type": "Feature",\r\n	"properties": {\r\n		"name": "BANGSAL",\r\n		"display_name": "Bangsal, Kediri"\r\n	},\r\n	"geometry": {\r\n		"type": "Polygon",\r\n		"coordinates": [\r\n			[112.043779, -7.832453],\r\n			[112.034677, -7.829711],\r\n			[112.034033, -7.828903],\r\n			[112.031501, -7.828095],\r\n			[112.031801, -7.826948],\r\n			[112.030599, -7.825502],\r\n			[112.028582, -7.825077],\r\n			[112.028925, -7.824057],\r\n			[112.030943, -7.824439],\r\n			[112.031415, -7.823164],\r\n			[112.034892, -7.824312],\r\n			[112.038626, -7.825077],\r\n			[112.040429, -7.826225],\r\n			[112.040257, -7.826863],\r\n			[112.042506, -7.827713],\r\n			[112.042732, -7.827258],\r\n			[112.044338, -7.82787],\r\n			[112.044919, -7.828161],\r\n			[112.045225, -7.828343],\r\n			[112.045743, -7.828797],\r\n			[112.046674, -7.829121],\r\n			[112.048173, -7.829718],\r\n			[112.048725, -7.829966],\r\n			[112.047554, -7.833155],\r\n			[112.044035, -7.831837]\r\n		]\r\n	},\r\n	"id": "88639c3c-7f1f-4d55-8cb3-16d873ac6c16"\r\n}'),
	(42, 3, 'Burengan', 1.283, -7.823018, 112.0298127, '{\r\n	"type": "Feature",\r\n	"properties": {\r\n		"name": "BURENGAN",\r\n		"display_name": "Burengan, Kediri"\r\n	},\r\n	"geometry": {\r\n		"type": "Polygon",\r\n		"coordinates": [\r\n			[112.017291, -7.829222],\r\n			[112.017594, -7.827968],\r\n			[112.018496, -7.823546],\r\n			[112.018968, -7.821123],\r\n			[112.021844, -7.821591],\r\n			[112.02193, -7.822696],\r\n			[112.024248, -7.823291],\r\n			[112.025922, -7.823631],\r\n			[112.026351, -7.822228],\r\n			[112.027124, -7.821123],\r\n			[112.028154, -7.82108],\r\n			[112.02927, -7.818955],\r\n			[112.032403, -7.820145],\r\n			[112.033294, -7.818812],\r\n			[112.035638, -7.819823],\r\n			[112.036337, -7.820045],\r\n			[112.037132, -7.82021],\r\n			[112.037629, -7.820166],\r\n			[112.038028, -7.820165],\r\n			[112.038271, -7.820279],\r\n			[112.038732, -7.820714],\r\n			[112.038879, -7.820747],\r\n			[112.038978, -7.820846],\r\n			[112.039103, -7.821011],\r\n			[112.039415, -7.821213],\r\n			[112.03977, -7.821476],\r\n			[112.040129, -7.821688],\r\n			[112.040353, -7.821869],\r\n			[112.040535, -7.821951],\r\n			[112.040704, -7.82201],\r\n			[112.040964, -7.822269],\r\n			[112.041074, -7.822341],\r\n			[112.041261, -7.822367],\r\n			[112.041458, -7.822366],\r\n			[112.041869, -7.822515],\r\n			[112.042564, -7.822879],\r\n			[112.04285, -7.822977],\r\n			[112.043183, -7.823142],\r\n			[112.043288, -7.823261],\r\n			[112.043492, -7.823738],\r\n			[112.043053, -7.825133],\r\n			[112.043318, -7.825609],\r\n			[112.043318, -7.825878],\r\n			[112.042732, -7.827258],\r\n			[112.042506, -7.827713],\r\n			[112.040257, -7.826863],\r\n			[112.040429, -7.826225],\r\n			[112.038626, -7.825077],\r\n			[112.034892, -7.824312],\r\n			[112.031415, -7.823164],\r\n			[112.030943, -7.824439],\r\n			[112.028925, -7.824057],\r\n			[112.028582, -7.825077],\r\n			[112.030599, -7.825502],\r\n			[112.031801, -7.826948],\r\n			[112.031501, -7.828095],\r\n			[112.031301, -7.829828],\r\n			[112.030211, -7.830009],\r\n			[112.028859, -7.829987],\r\n			[112.025189, -7.829456],\r\n			[112.022892, -7.829307],\r\n			[112.020875, -7.829413],\r\n			[112.020789, -7.830285],\r\n			[112.01993, -7.82969]\r\n		]\r\n	},\r\n	"id": "c065f13b-b82d-46c4-b4c5-82efa7cc8f4a"\r\n}'),
	(43, 3, 'Tinalan', 0.926, -7.8405127, 112.0215983, '{\r\n	"type": "Feature",\r\n	"properties": {\r\n		"name": "TINALAN",\r\n		"display_name": "Tinalan, Kediri"\r\n	},\r\n	"geometry": {\r\n		"type": "Polygon",\r\n		"coordinates": [\r\n			[112.050299, -7.85419],\r\n			[112.047555, -7.853179],\r\n			[112.046095, -7.851988],\r\n			[112.046138, -7.849778],\r\n			[112.043992, -7.848672],\r\n			[112.045752, -7.843741],\r\n			[112.047383, -7.844294],\r\n			[112.048063, -7.847142],\r\n			[112.047891, -7.84812],\r\n			[112.049136, -7.8488],\r\n			[112.04905, -7.84982],\r\n			[112.050681, -7.850671],\r\n			[112.0515, -7.851266],\r\n			[112.049912, -7.855134]\r\n		]\r\n	},\r\n	"id": "8c37e28b-eee9-4382-861b-f1f4acd2e088"\r\n}'),
	(44, 3, 'Pakunden', 1.024, -7.8381259, 112.0229733, '{\r\n	"type": "Feature",\r\n	"properties": {\r\n		"name": "PAKUNDEN",\r\n		"display_name": "Pakunden, Kediri"\r\n	},\r\n	"geometry": {\r\n		"type": "Polygon",\r\n		"coordinates": [\r\n			[112.030608, -7.843613],\r\n			[112.030771, -7.841318],\r\n			[112.0309, -7.840297],\r\n			[112.032187, -7.840212],\r\n			[112.032488, -7.839022],\r\n			[112.033389, -7.839957],\r\n			[112.03399, -7.840127],\r\n			[112.035789, -7.840935],\r\n			[112.03673, -7.841169],\r\n			[112.036739, -7.841488],\r\n			[112.036267, -7.842678],\r\n			[112.03558, -7.84255],\r\n			[112.034979, -7.844676],\r\n			[112.033992, -7.844421],\r\n			[112.033312, -7.846887],\r\n			[112.030479, -7.845824]\r\n		]\r\n	},\r\n	"id": "9a2c6101-cbc0-4e2c-aa61-27e8343f53de"\r\n}'),
	(45, 3, 'Singonegaran', 0.99, -7.8331075, 112.0165802, '{\r\n	"type": "Feature",\r\n	"properties": {\r\n		"name": "SINGONEGARAN",\r\n		"display_name": "Singonegaran, Kediri"\r\n	},\r\n	"geometry": {\r\n		"type": "Polygon",\r\n		"coordinates": [\r\n			[-7.838809, 112.02198],\r\n			[112.01922, -7.837713],\r\n			[112.019611, -7.835621],\r\n			[112.020727, -7.835961],\r\n			[112.022615, -7.835791],\r\n			[112.025835, -7.837236],\r\n			[112.027509, -7.836896],\r\n			[112.029612, -7.837449],\r\n			[112.031627, -7.838172],\r\n			[112.032488, -7.839022],\r\n			[112.032187, -7.840212],\r\n			[112.0309, -7.840297],\r\n			[112.030608, -7.843613],\r\n			[112.030136, -7.843401],\r\n			[112.030007, -7.842295],\r\n			[112.024255, -7.840722],\r\n			[112.021723, -7.839787]\r\n		]\r\n	},\r\n	"id": "c1c81a0d-af21-49a1-a581-efdb08485b2c"\r\n}'),
	(46, 3, 'Jamsaren', 1.471, -7.8337409, 112.0259812, '{\r\n	"type": "Feature",\r\n	"properties": {\r\n		"name": "JAMSAREN",\r\n		"display_name": "Jamsaren, Kediri"\r\n	},\r\n	"geometry": {\r\n		"type": "Polygon",\r\n		"coordinates": [\r\n			[112.042747, -7.83494],\r\n			[112.040768, -7.835025],\r\n			[112.03948, -7.838809],\r\n			[112.038321, -7.838427],\r\n			[112.037463, -7.838129],\r\n			[112.036647, -7.838384],\r\n			[112.035789, -7.840935],\r\n			[112.03673, -7.841169],\r\n			[112.036739, -7.841488],\r\n			[112.038713, -7.842125],\r\n			[112.039572, -7.842083],\r\n			[112.040774, -7.842593],\r\n			[112.041031, -7.843486],\r\n			[112.043092, -7.844549],\r\n			[112.044208, -7.844889],\r\n			[112.044896, -7.844602],\r\n			[112.045133, -7.844049],\r\n			[112.045752, -7.843741],\r\n			[112.047383, -7.844294],\r\n			[112.048063, -7.847142],\r\n			[112.048707, -7.847014],\r\n			[112.050529, -7.842274],\r\n			[112.050443, -7.841594],\r\n			[112.049615, -7.84119],\r\n			[112.050087, -7.839149],\r\n			[112.050516, -7.838299],\r\n			[112.050087, -7.837534],\r\n			[112.049014, -7.837534]\r\n		]\r\n	},\r\n	"id": "1d7fb7a2-2a7a-4c90-aa51-63977f682b9b"\r\n}');
/*!40000 ALTER TABLE `m_kelurahan` ENABLE KEYS */;

-- Dumping structure for table db_fm.pemetaan_bencana
DROP TABLE IF EXISTS `pemetaan_bencana`;
CREATE TABLE IF NOT EXISTS `pemetaan_bencana` (
  `id` int(11) NOT NULL AUTO_INCREMENT,
  `year` varchar(4) COLLATE utf8mb4_unicode_ci NOT NULL DEFAULT '0',
  `kelurahan_id` int(11) NOT NULL DEFAULT '0',
  `created_at` timestamp NULL DEFAULT NULL,
  `updated_at` timestamp NULL DEFAULT NULL,
  PRIMARY KEY (`id`)
) ENGINE=InnoDB AUTO_INCREMENT=47 DEFAULT CHARSET=utf8mb4 COLLATE=utf8mb4_unicode_ci;

-- Dumping data for table db_fm.pemetaan_bencana: ~46 rows (approximately)
DELETE FROM `pemetaan_bencana`;
/*!40000 ALTER TABLE `pemetaan_bencana` DISABLE KEYS */;
INSERT INTO `pemetaan_bencana` (`id`, `year`, `kelurahan_id`, `created_at`, `updated_at`) VALUES
	(1, '2020', 1, '2022-06-21 09:07:37', NULL),
	(2, '2020', 2, '2022-06-21 09:07:37', NULL),
	(3, '2020', 3, '2022-06-21 09:07:37', NULL),
	(4, '2020', 4, '2022-06-21 09:07:37', NULL),
	(5, '2020', 5, '2022-06-21 09:07:37', NULL),
	(6, '2020', 6, '2022-06-21 09:07:37', NULL),
	(7, '2020', 7, '2022-06-21 09:07:37', NULL),
	(8, '2020', 8, '2022-06-21 09:07:37', NULL),
	(9, '2020', 9, '2022-06-21 09:07:37', NULL),
	(10, '2020', 10, '2022-06-21 09:07:37', NULL),
	(11, '2020', 11, '2022-06-21 09:07:37', NULL),
	(12, '2020', 12, '2022-06-21 09:07:37', NULL),
	(13, '2020', 13, '2022-06-21 09:07:37', NULL),
	(14, '2020', 14, '2022-06-21 09:07:37', NULL),
	(15, '2020', 15, '2022-06-21 09:07:37', NULL),
	(16, '2020', 16, '2022-06-21 09:07:37', NULL),
	(17, '2020', 17, '2022-06-21 09:07:37', NULL),
	(18, '2020', 18, '2022-06-21 09:07:37', NULL),
	(19, '2020', 19, '2022-06-21 09:07:37', NULL),
	(20, '2020', 20, '2022-06-21 09:07:37', NULL),
	(21, '2020', 21, '2022-06-21 09:07:37', NULL),
	(22, '2020', 22, '2022-06-21 09:07:37', NULL),
	(23, '2020', 23, '2022-06-21 09:07:37', NULL),
	(24, '2020', 24, '2022-06-21 09:07:37', NULL),
	(25, '2020', 25, '2022-06-21 09:07:37', NULL),
	(26, '2020', 26, '2022-06-21 09:07:37', NULL),
	(27, '2020', 27, '2022-06-21 09:07:37', NULL),
	(28, '2020', 28, '2022-06-21 09:07:37', NULL),
	(29, '2020', 29, '2022-06-21 09:07:37', NULL),
	(30, '2020', 30, '2022-06-21 09:07:37', NULL),
	(31, '2020', 31, '2022-06-21 09:07:37', NULL),
	(32, '2020', 32, '2022-06-21 09:07:37', NULL),
	(33, '2020', 33, '2022-06-21 09:07:37', NULL),
	(34, '2020', 34, '2022-06-21 09:07:37', NULL),
	(35, '2020', 35, '2022-06-21 09:07:37', NULL),
	(36, '2020', 36, '2022-06-21 09:07:37', NULL),
	(37, '2020', 37, '2022-06-21 09:07:37', NULL),
	(38, '2020', 38, '2022-06-21 09:07:37', NULL),
	(39, '2020', 39, '2022-06-21 09:07:37', NULL),
	(40, '2020', 40, '2022-06-21 09:07:37', NULL),
	(41, '2020', 41, '2022-06-21 09:07:37', NULL),
	(42, '2020', 42, '2022-06-21 09:07:37', NULL),
	(43, '2020', 43, '2022-06-21 09:07:37', NULL),
	(44, '2020', 44, '2022-06-21 09:07:38', NULL),
	(45, '2020', 45, '2022-06-21 09:07:38', NULL),
	(46, '2020', 46, '2022-06-21 09:07:38', NULL);
/*!40000 ALTER TABLE `pemetaan_bencana` ENABLE KEYS */;

-- Dumping structure for table db_fm.pemetaan_bencana_detail
DROP TABLE IF EXISTS `pemetaan_bencana_detail`;
CREATE TABLE IF NOT EXISTS `pemetaan_bencana_detail` (
  `id` int(11) NOT NULL AUTO_INCREMENT,
  `pemetaan_id` int(11) DEFAULT NULL,
  `bencana_id` int(11) DEFAULT NULL,
  `bencana` float NOT NULL DEFAULT '0',
  `populasi` float NOT NULL DEFAULT '0',
  `bangunan` float NOT NULL DEFAULT '0',
  `faskes` float NOT NULL DEFAULT '0',
  `created_at` timestamp NULL DEFAULT NULL,
  `updated_at` timestamp NULL DEFAULT NULL,
  PRIMARY KEY (`id`),
  KEY `pemetaan_id` (`pemetaan_id`)
) ENGINE=InnoDB AUTO_INCREMENT=231 DEFAULT CHARSET=utf8mb4 COLLATE=utf8mb4_unicode_ci;

-- Dumping data for table db_fm.pemetaan_bencana_detail: ~230 rows (approximately)
DELETE FROM `pemetaan_bencana_detail`;
/*!40000 ALTER TABLE `pemetaan_bencana_detail` DISABLE KEYS */;
INSERT INTO `pemetaan_bencana_detail` (`id`, `pemetaan_id`, `bencana_id`, `bencana`, `populasi`, `bangunan`, `faskes`, `created_at`, `updated_at`) VALUES
	(1, 1, 1, 6, 1960, 4924, 103, '2022-06-21 09:07:37', NULL),
	(2, 1, 2, 5, 3391, 1752, 49, '2022-06-21 09:07:37', NULL),
	(3, 1, 3, 5, 4608, 4889, 149, '2022-06-21 09:07:37', NULL),
	(4, 1, 4, 1, 1590, 3818, 106, '2022-06-21 09:07:37', NULL),
	(5, 1, 5, 3, 4466, 4793, 93, '2022-06-21 09:07:37', NULL),
	(6, 2, 1, 10, 1358, 3946, 85, '2022-06-21 09:07:37', NULL),
	(7, 2, 2, 2, 3008, 2019, 33, '2022-06-21 09:07:37', NULL),
	(8, 2, 3, 9, 2448, 2095, 125, '2022-06-21 09:07:37', NULL),
	(9, 2, 4, 7, 3745, 2803, 185, '2022-06-21 09:07:37', NULL),
	(10, 2, 5, 6, 2230, 2864, 96, '2022-06-21 09:07:37', NULL),
	(11, 3, 1, 4, 2945, 1907, 176, '2022-06-21 09:07:37', NULL),
	(12, 3, 2, 1, 3511, 1701, 199, '2022-06-21 09:07:37', NULL),
	(13, 3, 3, 9, 1932, 3378, 23, '2022-06-21 09:07:37', NULL),
	(14, 3, 4, 7, 2620, 3976, 41, '2022-06-21 09:07:37', NULL),
	(15, 3, 5, 1, 3919, 3846, 36, '2022-06-21 09:07:37', NULL),
	(16, 4, 1, 9, 2037, 3559, 164, '2022-06-21 09:07:37', NULL),
	(17, 4, 2, 1, 2941, 1460, 123, '2022-06-21 09:07:37', NULL),
	(18, 4, 3, 0, 2462, 3980, 29, '2022-06-21 09:07:37', NULL),
	(19, 4, 4, 2, 4664, 4714, 182, '2022-06-21 09:07:37', NULL),
	(20, 4, 5, 6, 3041, 3810, 34, '2022-06-21 09:07:37', NULL),
	(21, 5, 1, 7, 2739, 2324, 128, '2022-06-21 09:07:37', NULL),
	(22, 5, 2, 0, 4285, 2402, 153, '2022-06-21 09:07:37', NULL),
	(23, 5, 3, 10, 1855, 4431, 156, '2022-06-21 09:07:37', NULL),
	(24, 5, 4, 0, 3021, 1770, 129, '2022-06-21 09:07:37', NULL),
	(25, 5, 5, 8, 3589, 1686, 22, '2022-06-21 09:07:37', NULL),
	(26, 6, 1, 8, 4476, 4550, 43, '2022-06-21 09:07:37', NULL),
	(27, 6, 2, 9, 4017, 2468, 199, '2022-06-21 09:07:37', NULL),
	(28, 6, 3, 4, 4133, 2822, 178, '2022-06-21 09:07:37', NULL),
	(29, 6, 4, 6, 2468, 4761, 26, '2022-06-21 09:07:37', NULL),
	(30, 6, 5, 4, 2817, 4408, 172, '2022-06-21 09:07:37', NULL),
	(31, 7, 1, 1, 3205, 1712, 98, '2022-06-21 09:07:37', NULL),
	(32, 7, 2, 2, 2782, 1331, 54, '2022-06-21 09:07:37', NULL),
	(33, 7, 3, 2, 1757, 1617, 197, '2022-06-21 09:07:37', NULL),
	(34, 7, 4, 0, 4192, 2131, 160, '2022-06-21 09:07:37', NULL),
	(35, 7, 5, 0, 1028, 4117, 38, '2022-06-21 09:07:37', NULL),
	(36, 8, 1, 5, 2352, 3693, 97, '2022-06-21 09:07:37', NULL),
	(37, 8, 2, 2, 3040, 2288, 174, '2022-06-21 09:07:37', NULL),
	(38, 8, 3, 8, 2136, 3780, 177, '2022-06-21 09:07:37', NULL),
	(39, 8, 4, 0, 3788, 4846, 190, '2022-06-21 09:07:37', NULL),
	(40, 8, 5, 9, 2779, 2170, 149, '2022-06-21 09:07:37', NULL),
	(41, 9, 1, 0, 3652, 3047, 200, '2022-06-21 09:07:37', NULL),
	(42, 9, 2, 9, 2212, 4439, 54, '2022-06-21 09:07:37', NULL),
	(43, 9, 3, 4, 1295, 1434, 76, '2022-06-21 09:07:37', NULL),
	(44, 9, 4, 10, 4457, 1849, 164, '2022-06-21 09:07:37', NULL),
	(45, 9, 5, 8, 3933, 2570, 47, '2022-06-21 09:07:37', NULL),
	(46, 10, 1, 5, 1457, 2647, 65, '2022-06-21 09:07:37', NULL),
	(47, 10, 2, 3, 4144, 2229, 89, '2022-06-21 09:07:37', NULL),
	(48, 10, 3, 6, 1603, 1533, 163, '2022-06-21 09:07:37', NULL),
	(49, 10, 4, 3, 4480, 2285, 99, '2022-06-21 09:07:37', NULL),
	(50, 10, 5, 10, 1294, 4418, 187, '2022-06-21 09:07:37', NULL),
	(51, 11, 1, 0, 2835, 1701, 38, '2022-06-21 09:07:37', NULL),
	(52, 11, 2, 1, 4979, 3279, 45, '2022-06-21 09:07:37', NULL),
	(53, 11, 3, 6, 1647, 1573, 167, '2022-06-21 09:07:37', NULL),
	(54, 11, 4, 4, 1216, 2406, 71, '2022-06-21 09:07:37', NULL),
	(55, 11, 5, 4, 2029, 3407, 81, '2022-06-21 09:07:37', NULL),
	(56, 12, 1, 6, 2947, 1088, 135, '2022-06-21 09:07:37', NULL),
	(57, 12, 2, 1, 4545, 1888, 102, '2022-06-21 09:07:37', NULL),
	(58, 12, 3, 2, 4048, 3715, 15, '2022-06-21 09:07:37', NULL),
	(59, 12, 4, 0, 1328, 4171, 36, '2022-06-21 09:07:37', NULL),
	(60, 12, 5, 5, 3147, 3200, 196, '2022-06-21 09:07:37', NULL),
	(61, 13, 1, 2, 2267, 3384, 85, '2022-06-21 09:07:37', NULL),
	(62, 13, 2, 6, 3504, 4081, 88, '2022-06-21 09:07:37', NULL),
	(63, 13, 3, 8, 1045, 4301, 104, '2022-06-21 09:07:37', NULL),
	(64, 13, 4, 8, 2417, 4179, 144, '2022-06-21 09:07:37', NULL),
	(65, 13, 5, 1, 2478, 2728, 63, '2022-06-21 09:07:37', NULL),
	(66, 14, 1, 9, 1778, 1867, 177, '2022-06-21 09:07:37', NULL),
	(67, 14, 2, 5, 3598, 2086, 66, '2022-06-21 09:07:37', NULL),
	(68, 14, 3, 0, 3383, 4650, 164, '2022-06-21 09:07:37', NULL),
	(69, 14, 4, 1, 1599, 2416, 199, '2022-06-21 09:07:37', NULL),
	(70, 14, 5, 8, 4669, 3209, 69, '2022-06-21 09:07:37', NULL),
	(71, 15, 1, 8, 1879, 4863, 183, '2022-06-21 09:07:37', NULL),
	(72, 15, 2, 1, 4309, 4161, 56, '2022-06-21 09:07:37', NULL),
	(73, 15, 3, 9, 2807, 4008, 70, '2022-06-21 09:07:37', NULL),
	(74, 15, 4, 3, 2367, 2748, 57, '2022-06-21 09:07:37', NULL),
	(75, 15, 5, 6, 2108, 2040, 147, '2022-06-21 09:07:37', NULL),
	(76, 16, 1, 6, 3748, 4744, 120, '2022-06-21 09:07:37', NULL),
	(77, 16, 2, 10, 3085, 2276, 136, '2022-06-21 09:07:37', NULL),
	(78, 16, 3, 8, 1458, 2536, 48, '2022-06-21 09:07:37', NULL),
	(79, 16, 4, 5, 4350, 3783, 42, '2022-06-21 09:07:37', NULL),
	(80, 16, 5, 1, 1263, 4621, 61, '2022-06-21 09:07:37', NULL),
	(81, 17, 1, 5, 2167, 2901, 37, '2022-06-21 09:07:37', NULL),
	(82, 17, 2, 8, 2038, 4275, 54, '2022-06-21 09:07:37', NULL),
	(83, 17, 3, 7, 4657, 3964, 128, '2022-06-21 09:07:37', NULL),
	(84, 17, 4, 1, 1514, 2671, 82, '2022-06-21 09:07:37', NULL),
	(85, 17, 5, 2, 4510, 2725, 158, '2022-06-21 09:07:37', NULL),
	(86, 18, 1, 9, 1625, 1970, 125, '2022-06-21 09:07:37', NULL),
	(87, 18, 2, 4, 3618, 4317, 25, '2022-06-21 09:07:37', NULL),
	(88, 18, 3, 2, 4807, 1624, 13, '2022-06-21 09:07:37', NULL),
	(89, 18, 4, 1, 4927, 4004, 153, '2022-06-21 09:07:37', NULL),
	(90, 18, 5, 5, 3210, 4956, 23, '2022-06-21 09:07:37', NULL),
	(91, 19, 1, 6, 3044, 2221, 27, '2022-06-21 09:07:37', NULL),
	(92, 19, 2, 1, 3269, 4271, 150, '2022-06-21 09:07:37', NULL),
	(93, 19, 3, 3, 1162, 4935, 97, '2022-06-21 09:07:37', NULL),
	(94, 19, 4, 7, 4959, 3934, 193, '2022-06-21 09:07:37', NULL),
	(95, 19, 5, 7, 2268, 1244, 80, '2022-06-21 09:07:37', NULL),
	(96, 20, 1, 6, 1400, 2168, 26, '2022-06-21 09:07:37', NULL),
	(97, 20, 2, 3, 4999, 4771, 185, '2022-06-21 09:07:37', NULL),
	(98, 20, 3, 7, 2848, 4475, 72, '2022-06-21 09:07:37', NULL),
	(99, 20, 4, 10, 2301, 2766, 97, '2022-06-21 09:07:37', NULL),
	(100, 20, 5, 7, 4690, 2209, 139, '2022-06-21 09:07:37', NULL),
	(101, 21, 1, 8, 2735, 3354, 118, '2022-06-21 09:07:37', NULL),
	(102, 21, 2, 2, 1150, 2407, 32, '2022-06-21 09:07:37', NULL),
	(103, 21, 3, 9, 3446, 3196, 21, '2022-06-21 09:07:37', NULL),
	(104, 21, 4, 7, 4251, 1448, 21, '2022-06-21 09:07:37', NULL),
	(105, 21, 5, 3, 3260, 4389, 182, '2022-06-21 09:07:37', NULL),
	(106, 22, 1, 2, 1242, 2479, 51, '2022-06-21 09:07:37', NULL),
	(107, 22, 2, 4, 3416, 3626, 131, '2022-06-21 09:07:37', NULL),
	(108, 22, 3, 7, 4262, 1263, 57, '2022-06-21 09:07:37', NULL),
	(109, 22, 4, 8, 3569, 2109, 24, '2022-06-21 09:07:37', NULL),
	(110, 22, 5, 0, 1290, 2935, 197, '2022-06-21 09:07:37', NULL),
	(111, 23, 1, 3, 4808, 3381, 81, '2022-06-21 09:07:37', NULL),
	(112, 23, 2, 0, 4521, 4987, 164, '2022-06-21 09:07:37', NULL),
	(113, 23, 3, 7, 4822, 2129, 99, '2022-06-21 09:07:37', NULL),
	(114, 23, 4, 0, 1433, 3845, 136, '2022-06-21 09:07:37', NULL),
	(115, 23, 5, 1, 3584, 3260, 141, '2022-06-21 09:07:37', NULL),
	(116, 24, 1, 1, 1885, 2454, 65, '2022-06-21 09:07:37', NULL),
	(117, 24, 2, 6, 4584, 4604, 91, '2022-06-21 09:07:37', NULL),
	(118, 24, 3, 6, 1787, 2699, 12, '2022-06-21 09:07:37', NULL),
	(119, 24, 4, 1, 3592, 1520, 79, '2022-06-21 09:07:37', NULL),
	(120, 24, 5, 1, 4067, 1318, 94, '2022-06-21 09:07:37', NULL),
	(121, 25, 1, 0, 1186, 2617, 107, '2022-06-21 09:07:37', NULL),
	(122, 25, 2, 0, 4068, 4901, 128, '2022-06-21 09:07:37', NULL),
	(123, 25, 3, 1, 2128, 2035, 154, '2022-06-21 09:07:37', NULL),
	(124, 25, 4, 6, 2075, 4286, 12, '2022-06-21 09:07:37', NULL),
	(125, 25, 5, 1, 3342, 4885, 27, '2022-06-21 09:07:37', NULL),
	(126, 26, 1, 1, 1788, 4894, 49, '2022-06-21 09:07:37', NULL),
	(127, 26, 2, 1, 1398, 2101, 174, '2022-06-21 09:07:37', NULL),
	(128, 26, 3, 8, 4060, 4820, 132, '2022-06-21 09:07:37', NULL),
	(129, 26, 4, 5, 4441, 1553, 23, '2022-06-21 09:07:37', NULL),
	(130, 26, 5, 2, 3634, 3669, 147, '2022-06-21 09:07:37', NULL),
	(131, 27, 1, 0, 4509, 2992, 173, '2022-06-21 09:07:37', NULL),
	(132, 27, 2, 6, 4224, 2240, 59, '2022-06-21 09:07:37', NULL),
	(133, 27, 3, 8, 2233, 4815, 36, '2022-06-21 09:07:37', NULL),
	(134, 27, 4, 2, 4844, 3368, 186, '2022-06-21 09:07:37', NULL),
	(135, 27, 5, 3, 3579, 2649, 180, '2022-06-21 09:07:37', NULL),
	(136, 28, 1, 10, 2787, 1381, 134, '2022-06-21 09:07:37', NULL),
	(137, 28, 2, 10, 3877, 1654, 73, '2022-06-21 09:07:37', NULL),
	(138, 28, 3, 10, 3467, 4515, 102, '2022-06-21 09:07:37', NULL),
	(139, 28, 4, 6, 2749, 4055, 37, '2022-06-21 09:07:37', NULL),
	(140, 28, 5, 9, 2533, 1803, 127, '2022-06-21 09:07:37', NULL),
	(141, 29, 1, 5, 2869, 3057, 139, '2022-06-21 09:07:37', NULL),
	(142, 29, 2, 0, 4786, 4348, 145, '2022-06-21 09:07:37', NULL),
	(143, 29, 3, 9, 2938, 1202, 56, '2022-06-21 09:07:37', NULL),
	(144, 29, 4, 6, 3550, 3334, 78, '2022-06-21 09:07:37', NULL),
	(145, 29, 5, 7, 2780, 2866, 149, '2022-06-21 09:07:37', NULL),
	(146, 30, 1, 10, 2884, 4440, 24, '2022-06-21 09:07:37', NULL),
	(147, 30, 2, 5, 2051, 1420, 42, '2022-06-21 09:07:37', NULL),
	(148, 30, 3, 7, 3527, 1403, 193, '2022-06-21 09:07:37', NULL),
	(149, 30, 4, 8, 2192, 1096, 172, '2022-06-21 09:07:37', NULL),
	(150, 30, 5, 7, 4499, 4548, 87, '2022-06-21 09:07:37', NULL),
	(151, 31, 1, 3, 2808, 1884, 152, '2022-06-21 09:07:37', NULL),
	(152, 31, 2, 3, 4727, 2433, 92, '2022-06-21 09:07:37', NULL),
	(153, 31, 3, 2, 1084, 2137, 106, '2022-06-21 09:07:37', NULL),
	(154, 31, 4, 2, 2978, 2302, 148, '2022-06-21 09:07:37', NULL),
	(155, 31, 5, 8, 3212, 4107, 197, '2022-06-21 09:07:37', NULL),
	(156, 32, 1, 2, 2416, 1298, 118, '2022-06-21 09:07:37', NULL),
	(157, 32, 2, 5, 4101, 2035, 88, '2022-06-21 09:07:37', NULL),
	(158, 32, 3, 9, 1755, 4812, 68, '2022-06-21 09:07:37', NULL),
	(159, 32, 4, 6, 2683, 3497, 96, '2022-06-21 09:07:37', NULL),
	(160, 32, 5, 2, 4516, 1703, 196, '2022-06-21 09:07:37', NULL),
	(161, 33, 1, 1, 4457, 3356, 12, '2022-06-21 09:07:37', NULL),
	(162, 33, 2, 6, 4787, 2104, 182, '2022-06-21 09:07:37', NULL),
	(163, 33, 3, 7, 3703, 3095, 178, '2022-06-21 09:07:37', NULL),
	(164, 33, 4, 10, 4290, 3065, 60, '2022-06-21 09:07:37', NULL),
	(165, 33, 5, 5, 2055, 3641, 128, '2022-06-21 09:07:37', NULL),
	(166, 34, 1, 10, 2471, 3523, 83, '2022-06-21 09:07:37', NULL),
	(167, 34, 2, 5, 3762, 2541, 36, '2022-06-21 09:07:37', NULL),
	(168, 34, 3, 10, 4648, 3066, 13, '2022-06-21 09:07:37', NULL),
	(169, 34, 4, 0, 3930, 4589, 65, '2022-06-21 09:07:37', NULL),
	(170, 34, 5, 5, 2323, 2618, 48, '2022-06-21 09:07:37', NULL),
	(171, 35, 1, 7, 2309, 1434, 32, '2022-06-21 09:07:37', NULL),
	(172, 35, 2, 5, 4925, 1058, 48, '2022-06-21 09:07:37', NULL),
	(173, 35, 3, 3, 3675, 4086, 48, '2022-06-21 09:07:37', NULL),
	(174, 35, 4, 6, 1390, 3296, 117, '2022-06-21 09:07:37', NULL),
	(175, 35, 5, 5, 1353, 2108, 94, '2022-06-21 09:07:37', NULL),
	(176, 36, 1, 7, 1891, 4876, 128, '2022-06-21 09:07:37', NULL),
	(177, 36, 2, 1, 3489, 4703, 61, '2022-06-21 09:07:37', NULL),
	(178, 36, 3, 10, 3459, 2444, 99, '2022-06-21 09:07:37', NULL),
	(179, 36, 4, 8, 4063, 3956, 82, '2022-06-21 09:07:37', NULL),
	(180, 36, 5, 9, 2758, 1466, 123, '2022-06-21 09:07:37', NULL),
	(181, 37, 1, 3, 3697, 2607, 32, '2022-06-21 09:07:37', NULL),
	(182, 37, 2, 9, 3227, 1227, 39, '2022-06-21 09:07:37', NULL),
	(183, 37, 3, 8, 4902, 1278, 10, '2022-06-21 09:07:37', NULL),
	(184, 37, 4, 1, 4410, 1671, 76, '2022-06-21 09:07:37', NULL),
	(185, 37, 5, 3, 4971, 4828, 68, '2022-06-21 09:07:37', NULL),
	(186, 38, 1, 4, 3271, 4963, 191, '2022-06-21 09:07:37', NULL),
	(187, 38, 2, 9, 1566, 2612, 134, '2022-06-21 09:07:37', NULL),
	(188, 38, 3, 5, 1115, 3245, 31, '2022-06-21 09:07:37', NULL),
	(189, 38, 4, 4, 1355, 1064, 97, '2022-06-21 09:07:37', NULL),
	(190, 38, 5, 5, 4409, 2928, 91, '2022-06-21 09:07:37', NULL),
	(191, 39, 1, 8, 2775, 2236, 67, '2022-06-21 09:07:37', NULL),
	(192, 39, 2, 7, 3909, 4593, 157, '2022-06-21 09:07:37', NULL),
	(193, 39, 3, 2, 3651, 2684, 178, '2022-06-21 09:07:37', NULL),
	(194, 39, 4, 4, 3680, 3910, 117, '2022-06-21 09:07:37', NULL),
	(195, 39, 5, 2, 3929, 3266, 159, '2022-06-21 09:07:37', NULL),
	(196, 40, 1, 1, 3219, 2571, 165, '2022-06-21 09:07:37', NULL),
	(197, 40, 2, 0, 2450, 4809, 11, '2022-06-21 09:07:37', NULL),
	(198, 40, 3, 7, 1203, 1773, 43, '2022-06-21 09:07:37', NULL),
	(199, 40, 4, 9, 3714, 2493, 149, '2022-06-21 09:07:37', NULL),
	(200, 40, 5, 6, 4679, 4298, 34, '2022-06-21 09:07:37', NULL),
	(201, 41, 1, 2, 4226, 2729, 133, '2022-06-21 09:07:37', NULL),
	(202, 41, 2, 3, 3828, 4379, 147, '2022-06-21 09:07:37', NULL),
	(203, 41, 3, 10, 1109, 2872, 197, '2022-06-21 09:07:37', NULL),
	(204, 41, 4, 5, 4508, 1800, 181, '2022-06-21 09:07:37', NULL),
	(205, 41, 5, 5, 4321, 1423, 163, '2022-06-21 09:07:37', NULL),
	(206, 42, 1, 5, 3989, 4891, 37, '2022-06-21 09:07:37', NULL),
	(207, 42, 2, 5, 2095, 4942, 108, '2022-06-21 09:07:37', NULL),
	(208, 42, 3, 0, 4830, 3087, 193, '2022-06-21 09:07:37', NULL),
	(209, 42, 4, 5, 2944, 2764, 42, '2022-06-21 09:07:37', NULL),
	(210, 42, 5, 3, 1028, 1868, 49, '2022-06-21 09:07:37', NULL),
	(211, 43, 1, 3, 4744, 3502, 55, '2022-06-21 09:07:37', NULL),
	(212, 43, 2, 4, 4336, 4841, 75, '2022-06-21 09:07:38', NULL),
	(213, 43, 3, 2, 1646, 3487, 190, '2022-06-21 09:07:38', NULL),
	(214, 43, 4, 5, 2275, 3119, 77, '2022-06-21 09:07:38', NULL),
	(215, 43, 5, 1, 4032, 2132, 61, '2022-06-21 09:07:38', NULL),
	(216, 44, 1, 10, 1669, 1778, 14, '2022-06-21 09:07:38', NULL),
	(217, 44, 2, 6, 4640, 4223, 47, '2022-06-21 09:07:38', NULL),
	(218, 44, 3, 10, 3436, 2843, 48, '2022-06-21 09:07:38', NULL),
	(219, 44, 4, 1, 2468, 1578, 94, '2022-06-21 09:07:38', NULL),
	(220, 44, 5, 5, 4816, 2157, 61, '2022-06-21 09:07:38', NULL),
	(221, 45, 1, 0, 4682, 3595, 14, '2022-06-21 09:07:38', NULL),
	(222, 45, 2, 4, 2817, 3411, 143, '2022-06-21 09:07:38', NULL),
	(223, 45, 3, 5, 4111, 3691, 53, '2022-06-21 09:07:38', NULL),
	(224, 45, 4, 5, 1736, 4283, 165, '2022-06-21 09:07:38', NULL),
	(225, 45, 5, 2, 2237, 1608, 150, '2022-06-21 09:07:38', NULL),
	(226, 46, 1, 0, 1211, 3671, 139, '2022-06-21 09:07:38', NULL),
	(227, 46, 2, 8, 3660, 3319, 146, '2022-06-21 09:07:38', NULL),
	(228, 46, 3, 2, 2214, 2905, 132, '2022-06-21 09:07:38', NULL),
	(229, 46, 4, 5, 3703, 2581, 61, '2022-06-21 09:07:38', NULL),
	(230, 46, 5, 2, 4898, 2196, 51, '2022-06-21 09:07:38', NULL);
/*!40000 ALTER TABLE `pemetaan_bencana_detail` ENABLE KEYS */;

/*!40101 SET SQL_MODE=IFNULL(@OLD_SQL_MODE, '') */;
/*!40014 SET FOREIGN_KEY_CHECKS=IFNULL(@OLD_FOREIGN_KEY_CHECKS, 1) */;
/*!40101 SET CHARACTER_SET_CLIENT=@OLD_CHARACTER_SET_CLIENT */;
/*!40111 SET SQL_NOTES=IFNULL(@OLD_SQL_NOTES, 1) */;
